Trial-ID,Status,Iteration,P,alg,alpha,batch_norm,batch_size,data,data_dir,dropout,env,epochs,gpus,l,layer_0,layer_1,layer_2,layer_3,layer_4,layer_5,layer_6,layer_7,leaky_relu,loss_type,lr,max_concurrent,max_dense_layers,net_type,num_layers,patience,q,sch,Objective,loss,val_loss
1,INTERMEDIATE,0,arcus_gpu.p,random,0.7822840111457458,1,2048,8col,/baldig/chemistry/earth_system_science/,0.024014871699075013,/home/jott1/Projects/SHERPA_EX/.profile,25,"0,1,2,3",hostname='(arcus-1|arcus-2|arcus-3|arcus-4|arcus-5|arcus-6|arcus-7|arcus-8|arcus-9|arcus-10)',176,427,362,371,302,301,428,199,0.4781401857986514,mse,0.007017664888792998,12,8,normal,5,10,arcus.q,local,0.002284453608378814,0.0045125536648745815,0.002284453608378814
10,INTERMEDIATE,0,arcus_gpu.p,random,0.9872100732731182,1,2048,8col,/baldig/chemistry/earth_system_science/,0.03025533058247354,/home/jott1/Projects/SHERPA_EX/.profile,25,"0,1,2,3",hostname='(arcus-1|arcus-2|arcus-3|arcus-4|arcus-5|arcus-6|arcus-7|arcus-8|arcus-9|arcus-10)',490,484,123,438,310,341,165,87,0.3736444072735604,mse,0.009101463404983048,12,8,normal,7,10,arcus.q,local,0.0037261131881462972,0.0031625828003209095,0.0037261131881462972
5,INTERMEDIATE,0,arcus_gpu.p,random,0.29959391143664216,0,2048,8col,/baldig/chemistry/earth_system_science/,0.18640505957885645,/home/jott1/Projects/SHERPA_EX/.profile,25,"0,1,2,3",hostname='(arcus-1|arcus-2|arcus-3|arcus-4|arcus-5|arcus-6|arcus-7|arcus-8|arcus-9|arcus-10)',191,114,462,207,280,363,136,46,0.17200251893013724,mse,0.003967561605844797,12,8,normal,7,10,arcus.q,local,0.0038355461558049033,0.0037187191564343157,0.0038355461558049033
7,INTERMEDIATE,0,arcus_gpu.p,random,0.6547345392989667,1,2048,8col,/baldig/chemistry/earth_system_science/,0.24335961745153817,/home/jott1/Projects/SHERPA_EX/.profile,25,"0,1,2,3",hostname='(arcus-1|arcus-2|arcus-3|arcus-4|arcus-5|arcus-6|arcus-7|arcus-8|arcus-9|arcus-10)',59,217,322,355,34,296,58,344,0.22979486654116077,mse,0.005875251843470484,12,8,normal,4,10,arcus.q,local,0.002423545056131829,0.0036853688734038827,0.002423545056131829
2,INTERMEDIATE,0,arcus_gpu.p,random,0.627151191446744,1,2048,8col,/baldig/chemistry/earth_system_science/,0.12537198587577603,/home/jott1/Projects/SHERPA_EX/.profile,25,"0,1,2,3",hostname='(arcus-1|arcus-2|arcus-3|arcus-4|arcus-5|arcus-6|arcus-7|arcus-8|arcus-9|arcus-10)',98,81,287,220,373,182,429,325,0.45238232743531964,mse,0.0070053584226781405,12,8,normal,7,10,arcus.q,local,0.002559225397905967,0.005916496902619865,0.002559225397905967
4,INTERMEDIATE,0,arcus_gpu.p,random,0.1795755336854109,0,2048,8col,/baldig/chemistry/earth_system_science/,0.4226733553800159,/home/jott1/Projects/SHERPA_EX/.profile,25,"0,1,2,3",hostname='(arcus-1|arcus-2|arcus-3|arcus-4|arcus-5|arcus-6|arcus-7|arcus-8|arcus-9|arcus-10)',368,105,405,170,470,226,419,444,0.2728243525498636,mse,0.0034355581845244383,12,8,normal,6,10,arcus.q,local,0.003384388235954192,0.003975187073146464,0.003384388235954192
8,INTERMEDIATE,0,arcus_gpu.p,random,0.6495738586511516,0,2048,8col,/baldig/chemistry/earth_system_science/,0.16426239832082606,/home/jott1/Projects/SHERPA_EX/.profile,25,"0,1,2,3",hostname='(arcus-1|arcus-2|arcus-3|arcus-4|arcus-5|arcus-6|arcus-7|arcus-8|arcus-9|arcus-10)',115,32,207,407,389,161,258,125,0.18354639038677656,mse,0.0031288863457047977,12,8,normal,5,10,arcus.q,local,0.002722587522678838,0.0027316996523355903,0.002722587522678838
3,INTERMEDIATE,0,arcus_gpu.p,random,0.16503431821296288,0,2048,8col,/baldig/chemistry/earth_system_science/,0.3438383255207009,/home/jott1/Projects/SHERPA_EX/.profile,25,"0,1,2,3",hostname='(arcus-1|arcus-2|arcus-3|arcus-4|arcus-5|arcus-6|arcus-7|arcus-8|arcus-9|arcus-10)',506,405,155,350,279,240,73,389,0.2847044221225628,mse,0.005733431465591847,12,8,normal,3,10,arcus.q,local,0.006281470733605565,2.631779415110785,0.006281470733605565
9,INTERMEDIATE,0,arcus_gpu.p,random,0.03838732010397161,1,2048,8col,/baldig/chemistry/earth_system_science/,0.0119960237452017,/home/jott1/Projects/SHERPA_EX/.profile,25,"0,1,2,3",hostname='(arcus-1|arcus-2|arcus-3|arcus-4|arcus-5|arcus-6|arcus-7|arcus-8|arcus-9|arcus-10)',381,471,472,148,185,363,53,268,0.49615271148387224,mse,0.006316927347038426,12,8,normal,2,10,arcus.q,local,0.0024260129683906363,0.006193429922228961,0.0024260129683906363
6,INTERMEDIATE,0,arcus_gpu.p,random,0.8782153122237382,0,2048,8col,/baldig/chemistry/earth_system_science/,0.25198588018998597,/home/jott1/Projects/SHERPA_EX/.profile,25,"0,1,2,3",hostname='(arcus-1|arcus-2|arcus-3|arcus-4|arcus-5|arcus-6|arcus-7|arcus-8|arcus-9|arcus-10)',210,355,414,386,427,42,470,237,0.4017590930053058,mse,0.004502085381545749,12,8,normal,3,10,arcus.q,local,0.004779772454985939,1.4707649844498316,0.004779772454985939
11,INTERMEDIATE,0,arcus_gpu.p,random,0.5148417335623015,0,2048,8col,/baldig/chemistry/earth_system_science/,0.11214210397636648,/home/jott1/Projects/SHERPA_EX/.profile,25,"0,1,2,3",hostname='(arcus-1|arcus-2|arcus-3|arcus-4|arcus-5|arcus-6|arcus-7|arcus-8|arcus-9|arcus-10)',329,339,122,376,335,38,353,351,0.42167254143723065,mse,0.006840058529219252,12,8,normal,6,10,arcus.q,local,22.345480287443564,3408.54320065901,22.345480287443564
12,INTERMEDIATE,0,arcus_gpu.p,random,0.8144980020114662,1,2048,8col,/baldig/chemistry/earth_system_science/,0.42815894622427864,/home/jott1/Projects/SHERPA_EX/.profile,25,"0,1,2,3",hostname='(arcus-1|arcus-2|arcus-3|arcus-4|arcus-5|arcus-6|arcus-7|arcus-8|arcus-9|arcus-10)',266,342,59,176,192,459,476,281,0.006659648713569999,mse,0.008604570342025438,12,8,normal,6,10,arcus.q,local,0.002706679431581602,0.0038835027570673503,0.002706679431581602
7,INTERMEDIATE,1,arcus_gpu.p,random,0.6547345392989667,1,2048,8col,/baldig/chemistry/earth_system_science/,0.24335961745153817,/home/jott1/Projects/SHERPA_EX/.profile,25,"0,1,2,3",hostname='(arcus-1|arcus-2|arcus-3|arcus-4|arcus-5|arcus-6|arcus-7|arcus-8|arcus-9|arcus-10)',59,217,322,355,34,296,58,344,0.22979486654116077,mse,0.005875251843470484,12,8,normal,4,10,arcus.q,local,0.002363542840665496,0.0025743897855541277,0.002363542840665496
5,INTERMEDIATE,1,arcus_gpu.p,random,0.29959391143664216,0,2048,8col,/baldig/chemistry/earth_system_science/,0.18640505957885645,/home/jott1/Projects/SHERPA_EX/.profile,25,"0,1,2,3",hostname='(arcus-1|arcus-2|arcus-3|arcus-4|arcus-5|arcus-6|arcus-7|arcus-8|arcus-9|arcus-10)',191,114,462,207,280,363,136,46,0.17200251893013724,mse,0.003967561605844797,12,8,normal,7,10,arcus.q,local,0.004064154322268356,0.0037028870235266504,0.004064154322268356
1,INTERMEDIATE,1,arcus_gpu.p,random,0.7822840111457458,1,2048,8col,/baldig/chemistry/earth_system_science/,0.024014871699075013,/home/jott1/Projects/SHERPA_EX/.profile,25,"0,1,2,3",hostname='(arcus-1|arcus-2|arcus-3|arcus-4|arcus-5|arcus-6|arcus-7|arcus-8|arcus-9|arcus-10)',176,427,362,371,302,301,428,199,0.4781401857986514,mse,0.007017664888792998,12,8,normal,5,10,arcus.q,local,0.002185336700960115,0.0023558456473985164,0.002185336700960115
10,INTERMEDIATE,1,arcus_gpu.p,random,0.9872100732731182,1,2048,8col,/baldig/chemistry/earth_system_science/,0.03025533058247354,/home/jott1/Projects/SHERPA_EX/.profile,25,"0,1,2,3",hostname='(arcus-1|arcus-2|arcus-3|arcus-4|arcus-5|arcus-6|arcus-7|arcus-8|arcus-9|arcus-10)',490,484,123,438,310,341,165,87,0.3736444072735604,mse,0.009101463404983048,12,8,normal,7,10,arcus.q,local,0.0023573449718226392,0.0023245922153278457,0.0023573449718226392
2,INTERMEDIATE,1,arcus_gpu.p,random,0.627151191446744,1,2048,8col,/baldig/chemistry/earth_system_science/,0.12537198587577603,/home/jott1/Projects/SHERPA_EX/.profile,25,"0,1,2,3",hostname='(arcus-1|arcus-2|arcus-3|arcus-4|arcus-5|arcus-6|arcus-7|arcus-8|arcus-9|arcus-10)',98,81,287,220,373,182,429,325,0.45238232743531964,mse,0.0070053584226781405,12,8,normal,7,10,arcus.q,local,0.002287751202312678,0.002772330534228723,0.002287751202312678
3,INTERMEDIATE,1,arcus_gpu.p,random,0.16503431821296288,0,2048,8col,/baldig/chemistry/earth_system_science/,0.3438383255207009,/home/jott1/Projects/SHERPA_EX/.profile,25,"0,1,2,3",hostname='(arcus-1|arcus-2|arcus-3|arcus-4|arcus-5|arcus-6|arcus-7|arcus-8|arcus-9|arcus-10)',506,405,155,350,279,240,73,389,0.2847044221225628,mse,0.005733431465591847,12,8,normal,3,10,arcus.q,local,0.006246160371146794,2.1596519748205734,0.006246160371146794
6,INTERMEDIATE,1,arcus_gpu.p,random,0.8782153122237382,0,2048,8col,/baldig/chemistry/earth_system_science/,0.25198588018998597,/home/jott1/Projects/SHERPA_EX/.profile,25,"0,1,2,3",hostname='(arcus-1|arcus-2|arcus-3|arcus-4|arcus-5|arcus-6|arcus-7|arcus-8|arcus-9|arcus-10)',210,355,414,386,427,42,470,237,0.4017590930053058,mse,0.004502085381545749,12,8,normal,3,10,arcus.q,local,0.005506936185211,1.6040797775958813,0.005506936185211
4,INTERMEDIATE,1,arcus_gpu.p,random,0.1795755336854109,0,2048,8col,/baldig/chemistry/earth_system_science/,0.4226733553800159,/home/jott1/Projects/SHERPA_EX/.profile,25,"0,1,2,3",hostname='(arcus-1|arcus-2|arcus-3|arcus-4|arcus-5|arcus-6|arcus-7|arcus-8|arcus-9|arcus-10)',368,105,405,170,470,226,419,444,0.2728243525498636,mse,0.0034355581845244383,12,8,normal,6,10,arcus.q,local,0.0038376690895771362,0.0038967753044804303,0.0038376690895771362
8,INTERMEDIATE,1,arcus_gpu.p,random,0.6495738586511516,0,2048,8col,/baldig/chemistry/earth_system_science/,0.16426239832082606,/home/jott1/Projects/SHERPA_EX/.profile,25,"0,1,2,3",hostname='(arcus-1|arcus-2|arcus-3|arcus-4|arcus-5|arcus-6|arcus-7|arcus-8|arcus-9|arcus-10)',115,32,207,407,389,161,258,125,0.18354639038677656,mse,0.0031288863457047977,12,8,normal,5,10,arcus.q,local,0.003140382792671258,0.002618573479038866,0.003140382792671258
9,INTERMEDIATE,1,arcus_gpu.p,random,0.03838732010397161,1,2048,8col,/baldig/chemistry/earth_system_science/,0.0119960237452017,/home/jott1/Projects/SHERPA_EX/.profile,25,"0,1,2,3",hostname='(arcus-1|arcus-2|arcus-3|arcus-4|arcus-5|arcus-6|arcus-7|arcus-8|arcus-9|arcus-10)',381,471,472,148,185,363,53,268,0.49615271148387224,mse,0.006316927347038426,12,8,normal,2,10,arcus.q,local,0.0023332830228860466,0.0026227413931554583,0.0023332830228860466
11,INTERMEDIATE,1,arcus_gpu.p,random,0.5148417335623015,0,2048,8col,/baldig/chemistry/earth_system_science/,0.11214210397636648,/home/jott1/Projects/SHERPA_EX/.profile,25,"0,1,2,3",hostname='(arcus-1|arcus-2|arcus-3|arcus-4|arcus-5|arcus-6|arcus-7|arcus-8|arcus-9|arcus-10)',329,339,122,376,335,38,353,351,0.42167254143723065,mse,0.006840058529219252,12,8,normal,6,10,arcus.q,local,0.5440771826138473,2768.0921360332613,0.5440771826138473
12,INTERMEDIATE,1,arcus_gpu.p,random,0.8144980020114662,1,2048,8col,/baldig/chemistry/earth_system_science/,0.42815894622427864,/home/jott1/Projects/SHERPA_EX/.profile,25,"0,1,2,3",hostname='(arcus-1|arcus-2|arcus-3|arcus-4|arcus-5|arcus-6|arcus-7|arcus-8|arcus-9|arcus-10)',266,342,59,176,192,459,476,281,0.006659648713569999,mse,0.008604570342025438,12,8,normal,6,10,arcus.q,local,0.0031815384137120436,0.0034152758607403503,0.0031815384137120436
7,INTERMEDIATE,2,arcus_gpu.p,random,0.6547345392989667,1,2048,8col,/baldig/chemistry/earth_system_science/,0.24335961745153817,/home/jott1/Projects/SHERPA_EX/.profile,25,"0,1,2,3",hostname='(arcus-1|arcus-2|arcus-3|arcus-4|arcus-5|arcus-6|arcus-7|arcus-8|arcus-9|arcus-10)',59,217,322,355,34,296,58,344,0.22979486654116077,mse,0.005875251843470484,12,8,normal,4,10,arcus.q,local,0.0025524712627366546,0.0025542390145727755,0.0025524712627366546
4,INTERMEDIATE,2,arcus_gpu.p,random,0.1795755336854109,0,2048,8col,/baldig/chemistry/earth_system_science/,0.4226733553800159,/home/jott1/Projects/SHERPA_EX/.profile,25,"0,1,2,3",hostname='(arcus-1|arcus-2|arcus-3|arcus-4|arcus-5|arcus-6|arcus-7|arcus-8|arcus-9|arcus-10)',368,105,405,170,470,226,419,444,0.2728243525498636,mse,0.0034355581845244383,12,8,normal,6,10,arcus.q,local,0.0038249335248446326,0.0038912573314985985,0.0038249335248446326
8,INTERMEDIATE,2,arcus_gpu.p,random,0.6495738586511516,0,2048,8col,/baldig/chemistry/earth_system_science/,0.16426239832082606,/home/jott1/Projects/SHERPA_EX/.profile,25,"0,1,2,3",hostname='(arcus-1|arcus-2|arcus-3|arcus-4|arcus-5|arcus-6|arcus-7|arcus-8|arcus-9|arcus-10)',115,32,207,407,389,161,258,125,0.18354639038677656,mse,0.0031288863457047977,12,8,normal,5,10,arcus.q,local,0.003167150822902494,0.002591397863840565,0.003167150822902494
3,INTERMEDIATE,2,arcus_gpu.p,random,0.16503431821296288,0,2048,8col,/baldig/chemistry/earth_system_science/,0.3438383255207009,/home/jott1/Projects/SHERPA_EX/.profile,25,"0,1,2,3",hostname='(arcus-1|arcus-2|arcus-3|arcus-4|arcus-5|arcus-6|arcus-7|arcus-8|arcus-9|arcus-10)',506,405,155,350,279,240,73,389,0.2847044221225628,mse,0.005733431465591847,12,8,normal,3,10,arcus.q,local,0.006985458646266448,2.1170191697277554,0.006985458646266448
2,INTERMEDIATE,2,arcus_gpu.p,random,0.627151191446744,1,2048,8col,/baldig/chemistry/earth_system_science/,0.12537198587577603,/home/jott1/Projects/SHERPA_EX/.profile,25,"0,1,2,3",hostname='(arcus-1|arcus-2|arcus-3|arcus-4|arcus-5|arcus-6|arcus-7|arcus-8|arcus-9|arcus-10)',98,81,287,220,373,182,429,325,0.45238232743531964,mse,0.0070053584226781405,12,8,normal,7,10,arcus.q,local,0.0024631345238711635,0.0027441576008014985,0.0024631345238711635
6,INTERMEDIATE,2,arcus_gpu.p,random,0.8782153122237382,0,2048,8col,/baldig/chemistry/earth_system_science/,0.25198588018998597,/home/jott1/Projects/SHERPA_EX/.profile,25,"0,1,2,3",hostname='(arcus-1|arcus-2|arcus-3|arcus-4|arcus-5|arcus-6|arcus-7|arcus-8|arcus-9|arcus-10)',210,355,414,386,427,42,470,237,0.4017590930053058,mse,0.004502085381545749,12,8,normal,3,10,arcus.q,local,0.003428405454036284,1.3591967860961403,0.003428405454036284
1,INTERMEDIATE,2,arcus_gpu.p,random,0.7822840111457458,1,2048,8col,/baldig/chemistry/earth_system_science/,0.024014871699075013,/home/jott1/Projects/SHERPA_EX/.profile,25,"0,1,2,3",hostname='(arcus-1|arcus-2|arcus-3|arcus-4|arcus-5|arcus-6|arcus-7|arcus-8|arcus-9|arcus-10)',176,427,362,371,302,301,428,199,0.4781401857986514,mse,0.007017664888792998,12,8,normal,5,10,arcus.q,local,0.00214136354304493,0.002319243066801782,0.00214136354304493
5,INTERMEDIATE,2,arcus_gpu.p,random,0.29959391143664216,0,2048,8col,/baldig/chemistry/earth_system_science/,0.18640505957885645,/home/jott1/Projects/SHERPA_EX/.profile,25,"0,1,2,3",hostname='(arcus-1|arcus-2|arcus-3|arcus-4|arcus-5|arcus-6|arcus-7|arcus-8|arcus-9|arcus-10)',191,114,462,207,280,363,136,46,0.17200251893013724,mse,0.003967561605844797,12,8,normal,7,10,arcus.q,local,0.003777297500228173,0.0036985882657244087,0.003777297500228173
10,INTERMEDIATE,2,arcus_gpu.p,random,0.9872100732731182,1,2048,8col,/baldig/chemistry/earth_system_science/,0.03025533058247354,/home/jott1/Projects/SHERPA_EX/.profile,25,"0,1,2,3",hostname='(arcus-1|arcus-2|arcus-3|arcus-4|arcus-5|arcus-6|arcus-7|arcus-8|arcus-9|arcus-10)',490,484,123,438,310,341,165,87,0.3736444072735604,mse,0.009101463404983048,12,8,normal,7,10,arcus.q,local,0.0023024198308558086,0.0022877156906168095,0.0023024198308558086
11,INTERMEDIATE,2,arcus_gpu.p,random,0.5148417335623015,0,2048,8col,/baldig/chemistry/earth_system_science/,0.11214210397636648,/home/jott1/Projects/SHERPA_EX/.profile,25,"0,1,2,3",hostname='(arcus-1|arcus-2|arcus-3|arcus-4|arcus-5|arcus-6|arcus-7|arcus-8|arcus-9|arcus-10)',329,339,122,376,335,38,353,351,0.42167254143723065,mse,0.006840058529219252,12,8,normal,6,10,arcus.q,local,0.026289611023894717,2741.103418951604,0.026289611023894717
9,INTERMEDIATE,2,arcus_gpu.p,random,0.03838732010397161,1,2048,8col,/baldig/chemistry/earth_system_science/,0.0119960237452017,/home/jott1/Projects/SHERPA_EX/.profile,25,"0,1,2,3",hostname='(arcus-1|arcus-2|arcus-3|arcus-4|arcus-5|arcus-6|arcus-7|arcus-8|arcus-9|arcus-10)',381,471,472,148,185,363,53,268,0.49615271148387224,mse,0.006316927347038426,12,8,normal,2,10,arcus.q,local,0.0025125279379977204,0.002591002899328829,0.0025125279379977204
7,INTERMEDIATE,3,arcus_gpu.p,random,0.6547345392989667,1,2048,8col,/baldig/chemistry/earth_system_science/,0.24335961745153817,/home/jott1/Projects/SHERPA_EX/.profile,25,"0,1,2,3",hostname='(arcus-1|arcus-2|arcus-3|arcus-4|arcus-5|arcus-6|arcus-7|arcus-8|arcus-9|arcus-10)',59,217,322,355,34,296,58,344,0.22979486654116077,mse,0.005875251843470484,12,8,normal,4,10,arcus.q,local,0.0025410699190387956,0.002541546620115191,0.0025410699190387956
5,INTERMEDIATE,3,arcus_gpu.p,random,0.29959391143664216,0,2048,8col,/baldig/chemistry/earth_system_science/,0.18640505957885645,/home/jott1/Projects/SHERPA_EX/.profile,25,"0,1,2,3",hostname='(arcus-1|arcus-2|arcus-3|arcus-4|arcus-5|arcus-6|arcus-7|arcus-8|arcus-9|arcus-10)',191,114,462,207,280,363,136,46,0.17200251893013724,mse,0.003967561605844797,12,8,normal,7,10,arcus.q,local,0.004068097304561889,0.0036900003121906246,0.004068097304561889
2,INTERMEDIATE,3,arcus_gpu.p,random,0.627151191446744,1,2048,8col,/baldig/chemistry/earth_system_science/,0.12537198587577603,/home/jott1/Projects/SHERPA_EX/.profile,25,"0,1,2,3",hostname='(arcus-1|arcus-2|arcus-3|arcus-4|arcus-5|arcus-6|arcus-7|arcus-8|arcus-9|arcus-10)',98,81,287,220,373,182,429,325,0.45238232743531964,mse,0.0070053584226781405,12,8,normal,7,10,arcus.q,local,0.0022913824638759457,0.0027304417319594797,0.0022913824638759457
1,INTERMEDIATE,3,arcus_gpu.p,random,0.7822840111457458,1,2048,8col,/baldig/chemistry/earth_system_science/,0.024014871699075013,/home/jott1/Projects/SHERPA_EX/.profile,25,"0,1,2,3",hostname='(arcus-1|arcus-2|arcus-3|arcus-4|arcus-5|arcus-6|arcus-7|arcus-8|arcus-9|arcus-10)',176,427,362,371,302,301,428,199,0.4781401857986514,mse,0.007017664888792998,12,8,normal,5,10,arcus.q,local,0.0022451349707145293,0.0022986485299374385,0.0022451349707145293
10,INTERMEDIATE,3,arcus_gpu.p,random,0.9872100732731182,1,2048,8col,/baldig/chemistry/earth_system_science/,0.03025533058247354,/home/jott1/Projects/SHERPA_EX/.profile,25,"0,1,2,3",hostname='(arcus-1|arcus-2|arcus-3|arcus-4|arcus-5|arcus-6|arcus-7|arcus-8|arcus-9|arcus-10)',490,484,123,438,310,341,165,87,0.3736444072735604,mse,0.009101463404983048,12,8,normal,7,10,arcus.q,local,0.002161453505598132,0.002267296228831234,0.002161453505598132
9,INTERMEDIATE,3,arcus_gpu.p,random,0.03838732010397161,1,2048,8col,/baldig/chemistry/earth_system_science/,0.0119960237452017,/home/jott1/Projects/SHERPA_EX/.profile,25,"0,1,2,3",hostname='(arcus-1|arcus-2|arcus-3|arcus-4|arcus-5|arcus-6|arcus-7|arcus-8|arcus-9|arcus-10)',381,471,472,148,185,363,53,268,0.49615271148387224,mse,0.006316927347038426,12,8,normal,2,10,arcus.q,local,0.002324646046375737,0.002568757014715864,0.002324646046375737
3,INTERMEDIATE,3,arcus_gpu.p,random,0.16503431821296288,0,2048,8col,/baldig/chemistry/earth_system_science/,0.3438383255207009,/home/jott1/Projects/SHERPA_EX/.profile,25,"0,1,2,3",hostname='(arcus-1|arcus-2|arcus-3|arcus-4|arcus-5|arcus-6|arcus-7|arcus-8|arcus-9|arcus-10)',506,405,155,350,279,240,73,389,0.2847044221225628,mse,0.005733431465591847,12,8,normal,3,10,arcus.q,local,0.02619082243383986,1.9142221530303833,0.02619082243383986
11,INTERMEDIATE,3,arcus_gpu.p,random,0.5148417335623015,0,2048,8col,/baldig/chemistry/earth_system_science/,0.11214210397636648,/home/jott1/Projects/SHERPA_EX/.profile,25,"0,1,2,3",hostname='(arcus-1|arcus-2|arcus-3|arcus-4|arcus-5|arcus-6|arcus-7|arcus-8|arcus-9|arcus-10)',329,339,122,376,335,38,353,351,0.42167254143723065,mse,0.006840058529219252,12,8,normal,6,10,arcus.q,local,0.030364093700405485,1957.232651179105,0.030364093700405485
6,INTERMEDIATE,3,arcus_gpu.p,random,0.8782153122237382,0,2048,8col,/baldig/chemistry/earth_system_science/,0.25198588018998597,/home/jott1/Projects/SHERPA_EX/.profile,25,"0,1,2,3",hostname='(arcus-1|arcus-2|arcus-3|arcus-4|arcus-5|arcus-6|arcus-7|arcus-8|arcus-9|arcus-10)',210,355,414,386,427,42,470,237,0.4017590930053058,mse,0.004502085381545749,12,8,normal,3,10,arcus.q,local,0.012703394883738556,1.2352573395509328,0.012703394883738556
4,INTERMEDIATE,3,arcus_gpu.p,random,0.1795755336854109,0,2048,8col,/baldig/chemistry/earth_system_science/,0.4226733553800159,/home/jott1/Projects/SHERPA_EX/.profile,25,"0,1,2,3",hostname='(arcus-1|arcus-2|arcus-3|arcus-4|arcus-5|arcus-6|arcus-7|arcus-8|arcus-9|arcus-10)',368,105,405,170,470,226,419,444,0.2728243525498636,mse,0.0034355581845244383,12,8,normal,6,10,arcus.q,local,0.0035868277588012934,0.003896387051730112,0.0035868277588012934
8,INTERMEDIATE,3,arcus_gpu.p,random,0.6495738586511516,0,2048,8col,/baldig/chemistry/earth_system_science/,0.16426239832082606,/home/jott1/Projects/SHERPA_EX/.profile,25,"0,1,2,3",hostname='(arcus-1|arcus-2|arcus-3|arcus-4|arcus-5|arcus-6|arcus-7|arcus-8|arcus-9|arcus-10)',115,32,207,407,389,161,258,125,0.18354639038677656,mse,0.0031288863457047977,12,8,normal,5,10,arcus.q,local,0.0032824489425480174,0.0025778237279894026,0.0032824489425480174
12,INTERMEDIATE,2,arcus_gpu.p,random,0.8144980020114662,1,2048,8col,/baldig/chemistry/earth_system_science/,0.42815894622427864,/home/jott1/Projects/SHERPA_EX/.profile,25,"0,1,2,3",hostname='(arcus-1|arcus-2|arcus-3|arcus-4|arcus-5|arcus-6|arcus-7|arcus-8|arcus-9|arcus-10)',266,342,59,176,192,459,476,281,0.006659648713569999,mse,0.008604570342025438,12,8,normal,6,10,arcus.q,local,0.00313029061462471,0.0033858002488071142,0.00313029061462471
7,INTERMEDIATE,4,arcus_gpu.p,random,0.6547345392989667,1,2048,8col,/baldig/chemistry/earth_system_science/,0.24335961745153817,/home/jott1/Projects/SHERPA_EX/.profile,25,"0,1,2,3",hostname='(arcus-1|arcus-2|arcus-3|arcus-4|arcus-5|arcus-6|arcus-7|arcus-8|arcus-9|arcus-10)',59,217,322,355,34,296,58,344,0.22979486654116077,mse,0.005875251843470484,12,8,normal,4,10,arcus.q,local,0.0024556953309001366,0.002532408519571254,0.0024556953309001366
5,INTERMEDIATE,4,arcus_gpu.p,random,0.29959391143664216,0,2048,8col,/baldig/chemistry/earth_system_science/,0.18640505957885645,/home/jott1/Projects/SHERPA_EX/.profile,25,"0,1,2,3",hostname='(arcus-1|arcus-2|arcus-3|arcus-4|arcus-5|arcus-6|arcus-7|arcus-8|arcus-9|arcus-10)',191,114,462,207,280,363,136,46,0.17200251893013724,mse,0.003967561605844797,12,8,normal,7,10,arcus.q,local,0.004276653848540456,0.003691055244740231,0.004276653848540456
2,INTERMEDIATE,4,arcus_gpu.p,random,0.627151191446744,1,2048,8col,/baldig/chemistry/earth_system_science/,0.12537198587577603,/home/jott1/Projects/SHERPA_EX/.profile,25,"0,1,2,3",hostname='(arcus-1|arcus-2|arcus-3|arcus-4|arcus-5|arcus-6|arcus-7|arcus-8|arcus-9|arcus-10)',98,81,287,220,373,182,429,325,0.45238232743531964,mse,0.0070053584226781405,12,8,normal,7,10,arcus.q,local,0.0023153161295630413,0.0027221929814991996,0.0023153161295630413
10,INTERMEDIATE,4,arcus_gpu.p,random,0.9872100732731182,1,2048,8col,/baldig/chemistry/earth_system_science/,0.03025533058247354,/home/jott1/Projects/SHERPA_EX/.profile,25,"0,1,2,3",hostname='(arcus-1|arcus-2|arcus-3|arcus-4|arcus-5|arcus-6|arcus-7|arcus-8|arcus-9|arcus-10)',490,484,123,438,310,341,165,87,0.3736444072735604,mse,0.009101463404983048,12,8,normal,7,10,arcus.q,local,0.0021326181907710775,0.002254063196382607,0.0021326181907710775
1,INTERMEDIATE,4,arcus_gpu.p,random,0.7822840111457458,1,2048,8col,/baldig/chemistry/earth_system_science/,0.024014871699075013,/home/jott1/Projects/SHERPA_EX/.profile,25,"0,1,2,3",hostname='(arcus-1|arcus-2|arcus-3|arcus-4|arcus-5|arcus-6|arcus-7|arcus-8|arcus-9|arcus-10)',176,427,362,371,302,301,428,199,0.4781401857986514,mse,0.007017664888792998,12,8,normal,5,10,arcus.q,local,0.0021177283845898475,0.0022852252851583888,0.0021177283845898475
6,INTERMEDIATE,4,arcus_gpu.p,random,0.8782153122237382,0,2048,8col,/baldig/chemistry/earth_system_science/,0.25198588018998597,/home/jott1/Projects/SHERPA_EX/.profile,25,"0,1,2,3",hostname='(arcus-1|arcus-2|arcus-3|arcus-4|arcus-5|arcus-6|arcus-7|arcus-8|arcus-9|arcus-10)',210,355,414,386,427,42,470,237,0.4017590930053058,mse,0.004502085381545749,12,8,normal,3,10,arcus.q,local,0.0033391276389520357,1.215097684373427,0.0033391276389520357
3,INTERMEDIATE,4,arcus_gpu.p,random,0.16503431821296288,0,2048,8col,/baldig/chemistry/earth_system_science/,0.3438383255207009,/home/jott1/Projects/SHERPA_EX/.profile,25,"0,1,2,3",hostname='(arcus-1|arcus-2|arcus-3|arcus-4|arcus-5|arcus-6|arcus-7|arcus-8|arcus-9|arcus-10)',506,405,155,350,279,240,73,389,0.2847044221225628,mse,0.005733431465591847,12,8,normal,3,10,arcus.q,local,0.005963059023888668,1.7893469462544378,0.005963059023888668
4,INTERMEDIATE,4,arcus_gpu.p,random,0.1795755336854109,0,2048,8col,/baldig/chemistry/earth_system_science/,0.4226733553800159,/home/jott1/Projects/SHERPA_EX/.profile,25,"0,1,2,3",hostname='(arcus-1|arcus-2|arcus-3|arcus-4|arcus-5|arcus-6|arcus-7|arcus-8|arcus-9|arcus-10)',368,105,405,170,470,226,419,444,0.2728243525498636,mse,0.0034355581845244383,12,8,normal,6,10,arcus.q,local,0.004090544630949762,0.0038964601955960854,0.004090544630949762
9,INTERMEDIATE,4,arcus_gpu.p,random,0.03838732010397161,1,2048,8col,/baldig/chemistry/earth_system_science/,0.0119960237452017,/home/jott1/Projects/SHERPA_EX/.profile,25,"0,1,2,3",hostname='(arcus-1|arcus-2|arcus-3|arcus-4|arcus-5|arcus-6|arcus-7|arcus-8|arcus-9|arcus-10)',381,471,472,148,185,363,53,268,0.49615271148387224,mse,0.006316927347038426,12,8,normal,2,10,arcus.q,local,0.002276289985370129,0.0025509898027964665,0.002276289985370129
8,INTERMEDIATE,4,arcus_gpu.p,random,0.6495738586511516,0,2048,8col,/baldig/chemistry/earth_system_science/,0.16426239832082606,/home/jott1/Projects/SHERPA_EX/.profile,25,"0,1,2,3",hostname='(arcus-1|arcus-2|arcus-3|arcus-4|arcus-5|arcus-6|arcus-7|arcus-8|arcus-9|arcus-10)',115,32,207,407,389,161,258,125,0.18354639038677656,mse,0.0031288863457047977,12,8,normal,5,10,arcus.q,local,0.0031491057198253986,0.002569027213190303,0.0031491057198253986
11,INTERMEDIATE,4,arcus_gpu.p,random,0.5148417335623015,0,2048,8col,/baldig/chemistry/earth_system_science/,0.11214210397636648,/home/jott1/Projects/SHERPA_EX/.profile,25,"0,1,2,3",hostname='(arcus-1|arcus-2|arcus-3|arcus-4|arcus-5|arcus-6|arcus-7|arcus-8|arcus-9|arcus-10)',329,339,122,376,335,38,353,351,0.42167254143723065,mse,0.006840058529219252,12,8,normal,6,10,arcus.q,local,6.568548864436006,2078.8847314653267,6.568548864436006
12,INTERMEDIATE,3,arcus_gpu.p,random,0.8144980020114662,1,2048,8col,/baldig/chemistry/earth_system_science/,0.42815894622427864,/home/jott1/Projects/SHERPA_EX/.profile,25,"0,1,2,3",hostname='(arcus-1|arcus-2|arcus-3|arcus-4|arcus-5|arcus-6|arcus-7|arcus-8|arcus-9|arcus-10)',266,342,59,176,192,459,476,281,0.006659648713569999,mse,0.008604570342025438,12,8,normal,6,10,arcus.q,local,0.002606601364222907,0.0033743314192970953,0.002606601364222907
5,INTERMEDIATE,5,arcus_gpu.p,random,0.29959391143664216,0,2048,8col,/baldig/chemistry/earth_system_science/,0.18640505957885645,/home/jott1/Projects/SHERPA_EX/.profile,25,"0,1,2,3",hostname='(arcus-1|arcus-2|arcus-3|arcus-4|arcus-5|arcus-6|arcus-7|arcus-8|arcus-9|arcus-10)',191,114,462,207,280,363,136,46,0.17200251893013724,mse,0.003967561605844797,12,8,normal,7,10,arcus.q,local,0.004449419318368519,0.003690666820134256,0.004449419318368519
2,INTERMEDIATE,5,arcus_gpu.p,random,0.627151191446744,1,2048,8col,/baldig/chemistry/earth_system_science/,0.12537198587577603,/home/jott1/Projects/SHERPA_EX/.profile,25,"0,1,2,3",hostname='(arcus-1|arcus-2|arcus-3|arcus-4|arcus-5|arcus-6|arcus-7|arcus-8|arcus-9|arcus-10)',98,81,287,220,373,182,429,325,0.45238232743531964,mse,0.0070053584226781405,12,8,normal,7,10,arcus.q,local,0.002372165825611067,0.0027109614423635043,0.002372165825611067
10,INTERMEDIATE,5,arcus_gpu.p,random,0.9872100732731182,1,2048,8col,/baldig/chemistry/earth_system_science/,0.03025533058247354,/home/jott1/Projects/SHERPA_EX/.profile,25,"0,1,2,3",hostname='(arcus-1|arcus-2|arcus-3|arcus-4|arcus-5|arcus-6|arcus-7|arcus-8|arcus-9|arcus-10)',490,484,123,438,310,341,165,87,0.3736444072735604,mse,0.009101463404983048,12,8,normal,7,10,arcus.q,local,0.0035566987003544455,0.0022426251738047946,0.0035566987003544455
7,INTERMEDIATE,5,arcus_gpu.p,random,0.6547345392989667,1,2048,8col,/baldig/chemistry/earth_system_science/,0.24335961745153817,/home/jott1/Projects/SHERPA_EX/.profile,25,"0,1,2,3",hostname='(arcus-1|arcus-2|arcus-3|arcus-4|arcus-5|arcus-6|arcus-7|arcus-8|arcus-9|arcus-10)',59,217,322,355,34,296,58,344,0.22979486654116077,mse,0.005875251843470484,12,8,normal,4,10,arcus.q,local,0.002455476365456763,0.002526580406596992,0.002455476365456763
1,INTERMEDIATE,5,arcus_gpu.p,random,0.7822840111457458,1,2048,8col,/baldig/chemistry/earth_system_science/,0.024014871699075013,/home/jott1/Projects/SHERPA_EX/.profile,25,"0,1,2,3",hostname='(arcus-1|arcus-2|arcus-3|arcus-4|arcus-5|arcus-6|arcus-7|arcus-8|arcus-9|arcus-10)',176,427,362,371,302,301,428,199,0.4781401857986514,mse,0.007017664888792998,12,8,normal,5,10,arcus.q,local,0.002207422621406417,0.0022728698489466494,0.002207422621406417
4,INTERMEDIATE,5,arcus_gpu.p,random,0.1795755336854109,0,2048,8col,/baldig/chemistry/earth_system_science/,0.4226733553800159,/home/jott1/Projects/SHERPA_EX/.profile,25,"0,1,2,3",hostname='(arcus-1|arcus-2|arcus-3|arcus-4|arcus-5|arcus-6|arcus-7|arcus-8|arcus-9|arcus-10)',368,105,405,170,470,226,419,444,0.2728243525498636,mse,0.0034355581845244383,12,8,normal,6,10,arcus.q,local,0.0035806811702279746,0.003891124067407479,0.0035806811702279746
8,INTERMEDIATE,5,arcus_gpu.p,random,0.6495738586511516,0,2048,8col,/baldig/chemistry/earth_system_science/,0.16426239832082606,/home/jott1/Projects/SHERPA_EX/.profile,25,"0,1,2,3",hostname='(arcus-1|arcus-2|arcus-3|arcus-4|arcus-5|arcus-6|arcus-7|arcus-8|arcus-9|arcus-10)',115,32,207,407,389,161,258,125,0.18354639038677656,mse,0.0031288863457047977,12,8,normal,5,10,arcus.q,local,0.003254417567096292,0.002562439070116757,0.003254417567096292
11,INTERMEDIATE,5,arcus_gpu.p,random,0.5148417335623015,0,2048,8col,/baldig/chemistry/earth_system_science/,0.11214210397636648,/home/jott1/Projects/SHERPA_EX/.profile,25,"0,1,2,3",hostname='(arcus-1|arcus-2|arcus-3|arcus-4|arcus-5|arcus-6|arcus-7|arcus-8|arcus-9|arcus-10)',329,339,122,376,335,38,353,351,0.42167254143723065,mse,0.006840058529219252,12,8,normal,6,10,arcus.q,local,0.061259878745165246,2298.84118294062,0.061259878745165246
3,INTERMEDIATE,5,arcus_gpu.p,random,0.16503431821296288,0,2048,8col,/baldig/chemistry/earth_system_science/,0.3438383255207009,/home/jott1/Projects/SHERPA_EX/.profile,25,"0,1,2,3",hostname='(arcus-1|arcus-2|arcus-3|arcus-4|arcus-5|arcus-6|arcus-7|arcus-8|arcus-9|arcus-10)',506,405,155,350,279,240,73,389,0.2847044221225628,mse,0.005733431465591847,12,8,normal,3,10,arcus.q,local,0.006573817154004294,1.9212073531105116,0.006573817154004294
6,INTERMEDIATE,5,arcus_gpu.p,random,0.8782153122237382,0,2048,8col,/baldig/chemistry/earth_system_science/,0.25198588018998597,/home/jott1/Projects/SHERPA_EX/.profile,25,"0,1,2,3",hostname='(arcus-1|arcus-2|arcus-3|arcus-4|arcus-5|arcus-6|arcus-7|arcus-8|arcus-9|arcus-10)',210,355,414,386,427,42,470,237,0.4017590930053058,mse,0.004502085381545749,12,8,normal,3,10,arcus.q,local,0.003910027480660861,1.1752021928932272,0.003910027480660861
9,INTERMEDIATE,5,arcus_gpu.p,random,0.03838732010397161,1,2048,8col,/baldig/chemistry/earth_system_science/,0.0119960237452017,/home/jott1/Projects/SHERPA_EX/.profile,25,"0,1,2,3",hostname='(arcus-1|arcus-2|arcus-3|arcus-4|arcus-5|arcus-6|arcus-7|arcus-8|arcus-9|arcus-10)',381,471,472,148,185,363,53,268,0.49615271148387224,mse,0.006316927347038426,12,8,normal,2,10,arcus.q,local,0.0022968752022662366,0.002541296392560561,0.0022968752022662366
12,INTERMEDIATE,4,arcus_gpu.p,random,0.8144980020114662,1,2048,8col,/baldig/chemistry/earth_system_science/,0.42815894622427864,/home/jott1/Projects/SHERPA_EX/.profile,25,"0,1,2,3",hostname='(arcus-1|arcus-2|arcus-3|arcus-4|arcus-5|arcus-6|arcus-7|arcus-8|arcus-9|arcus-10)',266,342,59,176,192,459,476,281,0.006659648713569999,mse,0.008604570342025438,12,8,normal,6,10,arcus.q,local,0.002820738770747702,0.003356816628185868,0.002820738770747702
7,INTERMEDIATE,6,arcus_gpu.p,random,0.6547345392989667,1,2048,8col,/baldig/chemistry/earth_system_science/,0.24335961745153817,/home/jott1/Projects/SHERPA_EX/.profile,25,"0,1,2,3",hostname='(arcus-1|arcus-2|arcus-3|arcus-4|arcus-5|arcus-6|arcus-7|arcus-8|arcus-9|arcus-10)',59,217,322,355,34,296,58,344,0.22979486654116077,mse,0.005875251843470484,12,8,normal,4,10,arcus.q,local,0.002492346163529898,0.002521465663799011,0.002492346163529898
6,INTERMEDIATE,6,arcus_gpu.p,random,0.8782153122237382,0,2048,8col,/baldig/chemistry/earth_system_science/,0.25198588018998597,/home/jott1/Projects/SHERPA_EX/.profile,25,"0,1,2,3",hostname='(arcus-1|arcus-2|arcus-3|arcus-4|arcus-5|arcus-6|arcus-7|arcus-8|arcus-9|arcus-10)',210,355,414,386,427,42,470,237,0.4017590930053058,mse,0.004502085381545749,12,8,normal,3,10,arcus.q,local,0.005638439786196513,1.271771185349788,0.005638439786196513
3,INTERMEDIATE,6,arcus_gpu.p,random,0.16503431821296288,0,2048,8col,/baldig/chemistry/earth_system_science/,0.3438383255207009,/home/jott1/Projects/SHERPA_EX/.profile,25,"0,1,2,3",hostname='(arcus-1|arcus-2|arcus-3|arcus-4|arcus-5|arcus-6|arcus-7|arcus-8|arcus-9|arcus-10)',506,405,155,350,279,240,73,389,0.2847044221225628,mse,0.005733431465591847,12,8,normal,3,10,arcus.q,local,0.017585780047980833,1.970906841489991,0.017585780047980833
8,INTERMEDIATE,6,arcus_gpu.p,random,0.6495738586511516,0,2048,8col,/baldig/chemistry/earth_system_science/,0.16426239832082606,/home/jott1/Projects/SHERPA_EX/.profile,25,"0,1,2,3",hostname='(arcus-1|arcus-2|arcus-3|arcus-4|arcus-5|arcus-6|arcus-7|arcus-8|arcus-9|arcus-10)',115,32,207,407,389,161,258,125,0.18354639038677656,mse,0.0031288863457047977,12,8,normal,5,10,arcus.q,local,0.003122639271526726,0.0025571543151305613,0.003122639271526726
1,INTERMEDIATE,6,arcus_gpu.p,random,0.7822840111457458,1,2048,8col,/baldig/chemistry/earth_system_science/,0.024014871699075013,/home/jott1/Projects/SHERPA_EX/.profile,25,"0,1,2,3",hostname='(arcus-1|arcus-2|arcus-3|arcus-4|arcus-5|arcus-6|arcus-7|arcus-8|arcus-9|arcus-10)',176,427,362,371,302,301,428,199,0.4781401857986514,mse,0.007017664888792998,12,8,normal,5,10,arcus.q,local,0.0020699235241255177,0.0022655871326739126,0.0020699235241255177
5,INTERMEDIATE,6,arcus_gpu.p,random,0.29959391143664216,0,2048,8col,/baldig/chemistry/earth_system_science/,0.18640505957885645,/home/jott1/Projects/SHERPA_EX/.profile,25,"0,1,2,3",hostname='(arcus-1|arcus-2|arcus-3|arcus-4|arcus-5|arcus-6|arcus-7|arcus-8|arcus-9|arcus-10)',191,114,462,207,280,363,136,46,0.17200251893013724,mse,0.003967561605844797,12,8,normal,7,10,arcus.q,local,0.0037993539513369342,0.003684763540572778,0.0037993539513369342
10,INTERMEDIATE,6,arcus_gpu.p,random,0.9872100732731182,1,2048,8col,/baldig/chemistry/earth_system_science/,0.03025533058247354,/home/jott1/Projects/SHERPA_EX/.profile,25,"0,1,2,3",hostname='(arcus-1|arcus-2|arcus-3|arcus-4|arcus-5|arcus-6|arcus-7|arcus-8|arcus-9|arcus-10)',490,484,123,438,310,341,165,87,0.3736444072735604,mse,0.009101463404983048,12,8,normal,7,10,arcus.q,local,0.0020413915383156616,0.002235825957088741,0.0020413915383156616
4,INTERMEDIATE,6,arcus_gpu.p,random,0.1795755336854109,0,2048,8col,/baldig/chemistry/earth_system_science/,0.4226733553800159,/home/jott1/Projects/SHERPA_EX/.profile,25,"0,1,2,3",hostname='(arcus-1|arcus-2|arcus-3|arcus-4|arcus-5|arcus-6|arcus-7|arcus-8|arcus-9|arcus-10)',368,105,405,170,470,226,419,444,0.2728243525498636,mse,0.0034355581845244383,12,8,normal,6,10,arcus.q,local,0.004105985230766131,0.003900794659868426,0.004105985230766131
2,INTERMEDIATE,6,arcus_gpu.p,random,0.627151191446744,1,2048,8col,/baldig/chemistry/earth_system_science/,0.12537198587577603,/home/jott1/Projects/SHERPA_EX/.profile,25,"0,1,2,3",hostname='(arcus-1|arcus-2|arcus-3|arcus-4|arcus-5|arcus-6|arcus-7|arcus-8|arcus-9|arcus-10)',98,81,287,220,373,182,429,325,0.45238232743531964,mse,0.0070053584226781405,12,8,normal,7,10,arcus.q,local,0.0023266598791747122,0.0027062808961412234,0.0023266598791747122
11,INTERMEDIATE,6,arcus_gpu.p,random,0.5148417335623015,0,2048,8col,/baldig/chemistry/earth_system_science/,0.11214210397636648,/home/jott1/Projects/SHERPA_EX/.profile,25,"0,1,2,3",hostname='(arcus-1|arcus-2|arcus-3|arcus-4|arcus-5|arcus-6|arcus-7|arcus-8|arcus-9|arcus-10)',329,339,122,376,335,38,353,351,0.42167254143723065,mse,0.006840058529219252,12,8,normal,6,10,arcus.q,local,0.48983455127498066,3226.667308617016,0.48983455127498066
9,INTERMEDIATE,6,arcus_gpu.p,random,0.03838732010397161,1,2048,8col,/baldig/chemistry/earth_system_science/,0.0119960237452017,/home/jott1/Projects/SHERPA_EX/.profile,25,"0,1,2,3",hostname='(arcus-1|arcus-2|arcus-3|arcus-4|arcus-5|arcus-6|arcus-7|arcus-8|arcus-9|arcus-10)',381,471,472,148,185,363,53,268,0.49615271148387224,mse,0.006316927347038426,12,8,normal,2,10,arcus.q,local,0.00228544561932618,0.0025347491093988743,0.00228544561932618
7,INTERMEDIATE,7,arcus_gpu.p,random,0.6547345392989667,1,2048,8col,/baldig/chemistry/earth_system_science/,0.24335961745153817,/home/jott1/Projects/SHERPA_EX/.profile,25,"0,1,2,3",hostname='(arcus-1|arcus-2|arcus-3|arcus-4|arcus-5|arcus-6|arcus-7|arcus-8|arcus-9|arcus-10)',59,217,322,355,34,296,58,344,0.22979486654116077,mse,0.005875251843470484,12,8,normal,4,10,arcus.q,local,0.0026540989143003894,0.002517849454657101,0.0026540989143003894
5,INTERMEDIATE,7,arcus_gpu.p,random,0.29959391143664216,0,2048,8col,/baldig/chemistry/earth_system_science/,0.18640505957885645,/home/jott1/Projects/SHERPA_EX/.profile,25,"0,1,2,3",hostname='(arcus-1|arcus-2|arcus-3|arcus-4|arcus-5|arcus-6|arcus-7|arcus-8|arcus-9|arcus-10)',191,114,462,207,280,363,136,46,0.17200251893013724,mse,0.003967561605844797,12,8,normal,7,10,arcus.q,local,0.003832790116015932,0.0036781604543256025,0.003832790116015932
10,INTERMEDIATE,7,arcus_gpu.p,random,0.9872100732731182,1,2048,8col,/baldig/chemistry/earth_system_science/,0.03025533058247354,/home/jott1/Projects/SHERPA_EX/.profile,25,"0,1,2,3",hostname='(arcus-1|arcus-2|arcus-3|arcus-4|arcus-5|arcus-6|arcus-7|arcus-8|arcus-9|arcus-10)',490,484,123,438,310,341,165,87,0.3736444072735604,mse,0.009101463404983048,12,8,normal,7,10,arcus.q,local,0.002039442220641485,0.0022274443229475566,0.002039442220641485
2,INTERMEDIATE,7,arcus_gpu.p,random,0.627151191446744,1,2048,8col,/baldig/chemistry/earth_system_science/,0.12537198587577603,/home/jott1/Projects/SHERPA_EX/.profile,25,"0,1,2,3",hostname='(arcus-1|arcus-2|arcus-3|arcus-4|arcus-5|arcus-6|arcus-7|arcus-8|arcus-9|arcus-10)',98,81,287,220,373,182,429,325,0.45238232743531964,mse,0.0070053584226781405,12,8,normal,7,10,arcus.q,local,0.002210296624183267,0.00269880054693907,0.002210296624183267
1,INTERMEDIATE,7,arcus_gpu.p,random,0.7822840111457458,1,2048,8col,/baldig/chemistry/earth_system_science/,0.024014871699075013,/home/jott1/Projects/SHERPA_EX/.profile,25,"0,1,2,3",hostname='(arcus-1|arcus-2|arcus-3|arcus-4|arcus-5|arcus-6|arcus-7|arcus-8|arcus-9|arcus-10)',176,427,362,371,302,301,428,199,0.4781401857986514,mse,0.007017664888792998,12,8,normal,5,10,arcus.q,local,0.002065117907763852,0.002259001119393017,0.002065117907763852
4,INTERMEDIATE,7,arcus_gpu.p,random,0.1795755336854109,0,2048,8col,/baldig/chemistry/earth_system_science/,0.4226733553800159,/home/jott1/Projects/SHERPA_EX/.profile,25,"0,1,2,3",hostname='(arcus-1|arcus-2|arcus-3|arcus-4|arcus-5|arcus-6|arcus-7|arcus-8|arcus-9|arcus-10)',368,105,405,170,470,226,419,444,0.2728243525498636,mse,0.0034355581845244383,12,8,normal,6,10,arcus.q,local,0.0035056376602258274,0.0038945113407534023,0.0035056376602258274
9,INTERMEDIATE,7,arcus_gpu.p,random,0.03838732010397161,1,2048,8col,/baldig/chemistry/earth_system_science/,0.0119960237452017,/home/jott1/Projects/SHERPA_EX/.profile,25,"0,1,2,3",hostname='(arcus-1|arcus-2|arcus-3|arcus-4|arcus-5|arcus-6|arcus-7|arcus-8|arcus-9|arcus-10)',381,471,472,148,185,363,53,268,0.49615271148387224,mse,0.006316927347038426,12,8,normal,2,10,arcus.q,local,0.002367341771170729,0.00252665472789332,0.002367341771170729
6,INTERMEDIATE,7,arcus_gpu.p,random,0.8782153122237382,0,2048,8col,/baldig/chemistry/earth_system_science/,0.25198588018998597,/home/jott1/Projects/SHERPA_EX/.profile,25,"0,1,2,3",hostname='(arcus-1|arcus-2|arcus-3|arcus-4|arcus-5|arcus-6|arcus-7|arcus-8|arcus-9|arcus-10)',210,355,414,386,427,42,470,237,0.4017590930053058,mse,0.004502085381545749,12,8,normal,3,10,arcus.q,local,0.0031594522134042007,1.1652378433183614,0.0031594522134042007
8,INTERMEDIATE,7,arcus_gpu.p,random,0.6495738586511516,0,2048,8col,/baldig/chemistry/earth_system_science/,0.16426239832082606,/home/jott1/Projects/SHERPA_EX/.profile,25,"0,1,2,3",hostname='(arcus-1|arcus-2|arcus-3|arcus-4|arcus-5|arcus-6|arcus-7|arcus-8|arcus-9|arcus-10)',115,32,207,407,389,161,258,125,0.18354639038677656,mse,0.0031288863457047977,12,8,normal,5,10,arcus.q,local,0.002945825592794026,0.0025525559960271407,0.002945825592794026
3,INTERMEDIATE,7,arcus_gpu.p,random,0.16503431821296288,0,2048,8col,/baldig/chemistry/earth_system_science/,0.3438383255207009,/home/jott1/Projects/SHERPA_EX/.profile,25,"0,1,2,3",hostname='(arcus-1|arcus-2|arcus-3|arcus-4|arcus-5|arcus-6|arcus-7|arcus-8|arcus-9|arcus-10)',506,405,155,350,279,240,73,389,0.2847044221225628,mse,0.005733431465591847,12,8,normal,3,10,arcus.q,local,0.013509159618182914,1.4906105279398811,0.013509159618182914
12,INTERMEDIATE,5,arcus_gpu.p,random,0.8144980020114662,1,2048,8col,/baldig/chemistry/earth_system_science/,0.42815894622427864,/home/jott1/Projects/SHERPA_EX/.profile,25,"0,1,2,3",hostname='(arcus-1|arcus-2|arcus-3|arcus-4|arcus-5|arcus-6|arcus-7|arcus-8|arcus-9|arcus-10)',266,342,59,176,192,459,476,281,0.006659648713569999,mse,0.008604570342025438,12,8,normal,6,10,arcus.q,local,0.00285481373294614,0.0033465794124423426,0.00285481373294614
11,INTERMEDIATE,7,arcus_gpu.p,random,0.5148417335623015,0,2048,8col,/baldig/chemistry/earth_system_science/,0.11214210397636648,/home/jott1/Projects/SHERPA_EX/.profile,25,"0,1,2,3",hostname='(arcus-1|arcus-2|arcus-3|arcus-4|arcus-5|arcus-6|arcus-7|arcus-8|arcus-9|arcus-10)',329,339,122,376,335,38,353,351,0.42167254143723065,mse,0.006840058529219252,12,8,normal,6,10,arcus.q,local,0.5133134389563833,1908.0792300669084,0.5133134389563833
7,INTERMEDIATE,8,arcus_gpu.p,random,0.6547345392989667,1,2048,8col,/baldig/chemistry/earth_system_science/,0.24335961745153817,/home/jott1/Projects/SHERPA_EX/.profile,25,"0,1,2,3",hostname='(arcus-1|arcus-2|arcus-3|arcus-4|arcus-5|arcus-6|arcus-7|arcus-8|arcus-9|arcus-10)',59,217,322,355,34,296,58,344,0.22979486654116077,mse,0.005875251843470484,12,8,normal,4,10,arcus.q,local,0.0025288047878613247,0.002514665441210085,0.0025288047878613247
2,INTERMEDIATE,8,arcus_gpu.p,random,0.627151191446744,1,2048,8col,/baldig/chemistry/earth_system_science/,0.12537198587577603,/home/jott1/Projects/SHERPA_EX/.profile,25,"0,1,2,3",hostname='(arcus-1|arcus-2|arcus-3|arcus-4|arcus-5|arcus-6|arcus-7|arcus-8|arcus-9|arcus-10)',98,81,287,220,373,182,429,325,0.45238232743531964,mse,0.0070053584226781405,12,8,normal,7,10,arcus.q,local,0.002238486538528038,0.0026967234142549522,0.002238486538528038
10,INTERMEDIATE,8,arcus_gpu.p,random,0.9872100732731182,1,2048,8col,/baldig/chemistry/earth_system_science/,0.03025533058247354,/home/jott1/Projects/SHERPA_EX/.profile,25,"0,1,2,3",hostname='(arcus-1|arcus-2|arcus-3|arcus-4|arcus-5|arcus-6|arcus-7|arcus-8|arcus-9|arcus-10)',490,484,123,438,310,341,165,87,0.3736444072735604,mse,0.009101463404983048,12,8,normal,7,10,arcus.q,local,0.002052183629225653,0.00222018744787777,0.002052183629225653
1,INTERMEDIATE,8,arcus_gpu.p,random,0.7822840111457458,1,2048,8col,/baldig/chemistry/earth_system_science/,0.024014871699075013,/home/jott1/Projects/SHERPA_EX/.profile,25,"0,1,2,3",hostname='(arcus-1|arcus-2|arcus-3|arcus-4|arcus-5|arcus-6|arcus-7|arcus-8|arcus-9|arcus-10)',176,427,362,371,302,301,428,199,0.4781401857986514,mse,0.007017664888792998,12,8,normal,5,10,arcus.q,local,0.0021102026985239664,0.00225372847121836,0.0021102026985239664
5,INTERMEDIATE,8,arcus_gpu.p,random,0.29959391143664216,0,2048,8col,/baldig/chemistry/earth_system_science/,0.18640505957885645,/home/jott1/Projects/SHERPA_EX/.profile,25,"0,1,2,3",hostname='(arcus-1|arcus-2|arcus-3|arcus-4|arcus-5|arcus-6|arcus-7|arcus-8|arcus-9|arcus-10)',191,114,462,207,280,363,136,46,0.17200251893013724,mse,0.003967561605844797,12,8,normal,7,10,arcus.q,local,0.0038009046054817983,0.003680630644746498,0.0038009046054817983
11,INTERMEDIATE,8,arcus_gpu.p,random,0.5148417335623015,0,2048,8col,/baldig/chemistry/earth_system_science/,0.11214210397636648,/home/jott1/Projects/SHERPA_EX/.profile,25,"0,1,2,3",hostname='(arcus-1|arcus-2|arcus-3|arcus-4|arcus-5|arcus-6|arcus-7|arcus-8|arcus-9|arcus-10)',329,339,122,376,335,38,353,351,0.42167254143723065,mse,0.006840058529219252,12,8,normal,6,10,arcus.q,local,178.07330583443445,1905.1546518898856,178.07330583443445
6,INTERMEDIATE,8,arcus_gpu.p,random,0.8782153122237382,0,2048,8col,/baldig/chemistry/earth_system_science/,0.25198588018998597,/home/jott1/Projects/SHERPA_EX/.profile,25,"0,1,2,3",hostname='(arcus-1|arcus-2|arcus-3|arcus-4|arcus-5|arcus-6|arcus-7|arcus-8|arcus-9|arcus-10)',210,355,414,386,427,42,470,237,0.4017590930053058,mse,0.004502085381545749,12,8,normal,3,10,arcus.q,local,0.004879299962360342,1.1943857173366883,0.004879299962360342
3,INTERMEDIATE,8,arcus_gpu.p,random,0.16503431821296288,0,2048,8col,/baldig/chemistry/earth_system_science/,0.3438383255207009,/home/jott1/Projects/SHERPA_EX/.profile,25,"0,1,2,3",hostname='(arcus-1|arcus-2|arcus-3|arcus-4|arcus-5|arcus-6|arcus-7|arcus-8|arcus-9|arcus-10)',506,405,155,350,279,240,73,389,0.2847044221225628,mse,0.005733431465591847,12,8,normal,3,10,arcus.q,local,0.0034530895829775424,1.7999221803241474,0.0034530895829775424
4,INTERMEDIATE,8,arcus_gpu.p,random,0.1795755336854109,0,2048,8col,/baldig/chemistry/earth_system_science/,0.4226733553800159,/home/jott1/Projects/SHERPA_EX/.profile,25,"0,1,2,3",hostname='(arcus-1|arcus-2|arcus-3|arcus-4|arcus-5|arcus-6|arcus-7|arcus-8|arcus-9|arcus-10)',368,105,405,170,470,226,419,444,0.2728243525498636,mse,0.0034355581845244383,12,8,normal,6,10,arcus.q,local,0.00413152824532797,0.0038939822092684483,0.00413152824532797
8,INTERMEDIATE,8,arcus_gpu.p,random,0.6495738586511516,0,2048,8col,/baldig/chemistry/earth_system_science/,0.16426239832082606,/home/jott1/Projects/SHERPA_EX/.profile,25,"0,1,2,3",hostname='(arcus-1|arcus-2|arcus-3|arcus-4|arcus-5|arcus-6|arcus-7|arcus-8|arcus-9|arcus-10)',115,32,207,407,389,161,258,125,0.18354639038677656,mse,0.0031288863457047977,12,8,normal,5,10,arcus.q,local,0.0032525230181516328,0.002549866743845074,0.0032525230181516328
9,INTERMEDIATE,8,arcus_gpu.p,random,0.03838732010397161,1,2048,8col,/baldig/chemistry/earth_system_science/,0.0119960237452017,/home/jott1/Projects/SHERPA_EX/.profile,25,"0,1,2,3",hostname='(arcus-1|arcus-2|arcus-3|arcus-4|arcus-5|arcus-6|arcus-7|arcus-8|arcus-9|arcus-10)',381,471,472,148,185,363,53,268,0.49615271148387224,mse,0.006316927347038426,12,8,normal,2,10,arcus.q,local,0.002316677355613862,0.0025188933493604016,0.002316677355613862
12,INTERMEDIATE,6,arcus_gpu.p,random,0.8144980020114662,1,2048,8col,/baldig/chemistry/earth_system_science/,0.42815894622427864,/home/jott1/Projects/SHERPA_EX/.profile,25,"0,1,2,3",hostname='(arcus-1|arcus-2|arcus-3|arcus-4|arcus-5|arcus-6|arcus-7|arcus-8|arcus-9|arcus-10)',266,342,59,176,192,459,476,281,0.006659648713569999,mse,0.008604570342025438,12,8,normal,6,10,arcus.q,local,0.004489541015970938,0.0033458038181425342,0.004489541015970938
10,INTERMEDIATE,9,arcus_gpu.p,random,0.9872100732731182,1,2048,8col,/baldig/chemistry/earth_system_science/,0.03025533058247354,/home/jott1/Projects/SHERPA_EX/.profile,25,"0,1,2,3",hostname='(arcus-1|arcus-2|arcus-3|arcus-4|arcus-5|arcus-6|arcus-7|arcus-8|arcus-9|arcus-10)',490,484,123,438,310,341,165,87,0.3736444072735604,mse,0.009101463404983048,12,8,normal,7,10,arcus.q,local,0.0021477437840488117,0.0022150358371668434,0.0021477437840488117
7,INTERMEDIATE,9,arcus_gpu.p,random,0.6547345392989667,1,2048,8col,/baldig/chemistry/earth_system_science/,0.24335961745153817,/home/jott1/Projects/SHERPA_EX/.profile,25,"0,1,2,3",hostname='(arcus-1|arcus-2|arcus-3|arcus-4|arcus-5|arcus-6|arcus-7|arcus-8|arcus-9|arcus-10)',59,217,322,355,34,296,58,344,0.22979486654116077,mse,0.005875251843470484,12,8,normal,4,10,arcus.q,local,0.0027467780247657963,0.0025121210296493043,0.0027467780247657963
2,INTERMEDIATE,9,arcus_gpu.p,random,0.627151191446744,1,2048,8col,/baldig/chemistry/earth_system_science/,0.12537198587577603,/home/jott1/Projects/SHERPA_EX/.profile,25,"0,1,2,3",hostname='(arcus-1|arcus-2|arcus-3|arcus-4|arcus-5|arcus-6|arcus-7|arcus-8|arcus-9|arcus-10)',98,81,287,220,373,182,429,325,0.45238232743531964,mse,0.0070053584226781405,12,8,normal,7,10,arcus.q,local,0.0022557099036300305,0.002692169776251932,0.0022557099036300305
11,INTERMEDIATE,9,arcus_gpu.p,random,0.5148417335623015,0,2048,8col,/baldig/chemistry/earth_system_science/,0.11214210397636648,/home/jott1/Projects/SHERPA_EX/.profile,25,"0,1,2,3",hostname='(arcus-1|arcus-2|arcus-3|arcus-4|arcus-5|arcus-6|arcus-7|arcus-8|arcus-9|arcus-10)',329,339,122,376,335,38,353,351,0.42167254143723065,mse,0.006840058529219252,12,8,normal,6,10,arcus.q,local,17.292464070163003,1399.7202567785573,17.292464070163003
1,INTERMEDIATE,9,arcus_gpu.p,random,0.7822840111457458,1,2048,8col,/baldig/chemistry/earth_system_science/,0.024014871699075013,/home/jott1/Projects/SHERPA_EX/.profile,25,"0,1,2,3",hostname='(arcus-1|arcus-2|arcus-3|arcus-4|arcus-5|arcus-6|arcus-7|arcus-8|arcus-9|arcus-10)',176,427,362,371,302,301,428,199,0.4781401857986514,mse,0.007017664888792998,12,8,normal,5,10,arcus.q,local,0.002157623596391279,0.002247978647641834,0.002157623596391279
5,INTERMEDIATE,9,arcus_gpu.p,random,0.29959391143664216,0,2048,8col,/baldig/chemistry/earth_system_science/,0.18640505957885645,/home/jott1/Projects/SHERPA_EX/.profile,25,"0,1,2,3",hostname='(arcus-1|arcus-2|arcus-3|arcus-4|arcus-5|arcus-6|arcus-7|arcus-8|arcus-9|arcus-10)',191,114,462,207,280,363,136,46,0.17200251893013724,mse,0.003967561605844797,12,8,normal,7,10,arcus.q,local,0.0038688324209085255,0.003676910673597699,0.0038688324209085255
4,INTERMEDIATE,9,arcus_gpu.p,random,0.1795755336854109,0,2048,8col,/baldig/chemistry/earth_system_science/,0.4226733553800159,/home/jott1/Projects/SHERPA_EX/.profile,25,"0,1,2,3",hostname='(arcus-1|arcus-2|arcus-3|arcus-4|arcus-5|arcus-6|arcus-7|arcus-8|arcus-9|arcus-10)',368,105,405,170,470,226,419,444,0.2728243525498636,mse,0.0034355581845244383,12,8,normal,6,10,arcus.q,local,0.004710733106476716,0.0038900788814482646,0.004710733106476716
8,INTERMEDIATE,9,arcus_gpu.p,random,0.6495738586511516,0,2048,8col,/baldig/chemistry/earth_system_science/,0.16426239832082606,/home/jott1/Projects/SHERPA_EX/.profile,25,"0,1,2,3",hostname='(arcus-1|arcus-2|arcus-3|arcus-4|arcus-5|arcus-6|arcus-7|arcus-8|arcus-9|arcus-10)',115,32,207,407,389,161,258,125,0.18354639038677656,mse,0.0031288863457047977,12,8,normal,5,10,arcus.q,local,0.003476172433615174,0.0025463553341559075,0.003476172433615174
9,INTERMEDIATE,9,arcus_gpu.p,random,0.03838732010397161,1,2048,8col,/baldig/chemistry/earth_system_science/,0.0119960237452017,/home/jott1/Projects/SHERPA_EX/.profile,25,"0,1,2,3",hostname='(arcus-1|arcus-2|arcus-3|arcus-4|arcus-5|arcus-6|arcus-7|arcus-8|arcus-9|arcus-10)',381,471,472,148,185,363,53,268,0.49615271148387224,mse,0.006316927347038426,12,8,normal,2,10,arcus.q,local,0.0022887633602070643,0.0025135501416776005,0.0022887633602070643
3,INTERMEDIATE,9,arcus_gpu.p,random,0.16503431821296288,0,2048,8col,/baldig/chemistry/earth_system_science/,0.3438383255207009,/home/jott1/Projects/SHERPA_EX/.profile,25,"0,1,2,3",hostname='(arcus-1|arcus-2|arcus-3|arcus-4|arcus-5|arcus-6|arcus-7|arcus-8|arcus-9|arcus-10)',506,405,155,350,279,240,73,389,0.2847044221225628,mse,0.005733431465591847,12,8,normal,3,10,arcus.q,local,0.006990836290499193,1.6544605250864144,0.006990836290499193
6,INTERMEDIATE,9,arcus_gpu.p,random,0.8782153122237382,0,2048,8col,/baldig/chemistry/earth_system_science/,0.25198588018998597,/home/jott1/Projects/SHERPA_EX/.profile,25,"0,1,2,3",hostname='(arcus-1|arcus-2|arcus-3|arcus-4|arcus-5|arcus-6|arcus-7|arcus-8|arcus-9|arcus-10)',210,355,414,386,427,42,470,237,0.4017590930053058,mse,0.004502085381545749,12,8,normal,3,10,arcus.q,local,0.017599658118864374,1.1773435885584345,0.017599658118864374
12,INTERMEDIATE,7,arcus_gpu.p,random,0.8144980020114662,1,2048,8col,/baldig/chemistry/earth_system_science/,0.42815894622427864,/home/jott1/Projects/SHERPA_EX/.profile,25,"0,1,2,3",hostname='(arcus-1|arcus-2|arcus-3|arcus-4|arcus-5|arcus-6|arcus-7|arcus-8|arcus-9|arcus-10)',266,342,59,176,192,459,476,281,0.006659648713569999,mse,0.008604570342025438,12,8,normal,6,10,arcus.q,local,0.002682956149409727,0.003333468356988192,0.002682956149409727
7,INTERMEDIATE,10,arcus_gpu.p,random,0.6547345392989667,1,2048,8col,/baldig/chemistry/earth_system_science/,0.24335961745153817,/home/jott1/Projects/SHERPA_EX/.profile,25,"0,1,2,3",hostname='(arcus-1|arcus-2|arcus-3|arcus-4|arcus-5|arcus-6|arcus-7|arcus-8|arcus-9|arcus-10)',59,217,322,355,34,296,58,344,0.22979486654116077,mse,0.005875251843470484,12,8,normal,4,10,arcus.q,local,0.002783770408857485,0.0025092718618993444,0.002783770408857485
10,INTERMEDIATE,10,arcus_gpu.p,random,0.9872100732731182,1,2048,8col,/baldig/chemistry/earth_system_science/,0.03025533058247354,/home/jott1/Projects/SHERPA_EX/.profile,25,"0,1,2,3",hostname='(arcus-1|arcus-2|arcus-3|arcus-4|arcus-5|arcus-6|arcus-7|arcus-8|arcus-9|arcus-10)',490,484,123,438,310,341,165,87,0.3736444072735604,mse,0.009101463404983048,12,8,normal,7,10,arcus.q,local,0.0023147793749952266,0.002210185469343386,0.0023147793749952266
2,INTERMEDIATE,10,arcus_gpu.p,random,0.627151191446744,1,2048,8col,/baldig/chemistry/earth_system_science/,0.12537198587577603,/home/jott1/Projects/SHERPA_EX/.profile,25,"0,1,2,3",hostname='(arcus-1|arcus-2|arcus-3|arcus-4|arcus-5|arcus-6|arcus-7|arcus-8|arcus-9|arcus-10)',98,81,287,220,373,182,429,325,0.45238232743531964,mse,0.0070053584226781405,12,8,normal,7,10,arcus.q,local,0.002264042988962108,0.0026919304914527807,0.002264042988962108
1,INTERMEDIATE,10,arcus_gpu.p,random,0.7822840111457458,1,2048,8col,/baldig/chemistry/earth_system_science/,0.024014871699075013,/home/jott1/Projects/SHERPA_EX/.profile,25,"0,1,2,3",hostname='(arcus-1|arcus-2|arcus-3|arcus-4|arcus-5|arcus-6|arcus-7|arcus-8|arcus-9|arcus-10)',176,427,362,371,302,301,428,199,0.4781401857986514,mse,0.007017664888792998,12,8,normal,5,10,arcus.q,local,0.002030154627980305,0.002246080164065261,0.002030154627980305
11,INTERMEDIATE,10,arcus_gpu.p,random,0.5148417335623015,0,2048,8col,/baldig/chemistry/earth_system_science/,0.11214210397636648,/home/jott1/Projects/SHERPA_EX/.profile,25,"0,1,2,3",hostname='(arcus-1|arcus-2|arcus-3|arcus-4|arcus-5|arcus-6|arcus-7|arcus-8|arcus-9|arcus-10)',329,339,122,376,335,38,353,351,0.42167254143723065,mse,0.006840058529219252,12,8,normal,6,10,arcus.q,local,1.1729890903850946,1712.9641883496436,1.1729890903850946
4,INTERMEDIATE,10,arcus_gpu.p,random,0.1795755336854109,0,2048,8col,/baldig/chemistry/earth_system_science/,0.4226733553800159,/home/jott1/Projects/SHERPA_EX/.profile,25,"0,1,2,3",hostname='(arcus-1|arcus-2|arcus-3|arcus-4|arcus-5|arcus-6|arcus-7|arcus-8|arcus-9|arcus-10)',368,105,405,170,470,226,419,444,0.2728243525498636,mse,0.0034355581845244383,12,8,normal,6,10,arcus.q,local,0.004667591922179302,0.003894180083032314,0.004667591922179302
4,COMPLETED,10,arcus_gpu.p,random,0.1795755336854109,0,2048,8col,/baldig/chemistry/earth_system_science/,0.4226733553800159,/home/jott1/Projects/SHERPA_EX/.profile,25,"0,1,2,3",hostname='(arcus-1|arcus-2|arcus-3|arcus-4|arcus-5|arcus-6|arcus-7|arcus-8|arcus-9|arcus-10)',368,105,405,170,470,226,419,444,0.2728243525498636,mse,0.0034355581845244383,12,8,normal,6,10,arcus.q,local,0.003384388235954192,0.003975187073146464,0.003384388235954192
5,INTERMEDIATE,10,arcus_gpu.p,random,0.29959391143664216,0,2048,8col,/baldig/chemistry/earth_system_science/,0.18640505957885645,/home/jott1/Projects/SHERPA_EX/.profile,25,"0,1,2,3",hostname='(arcus-1|arcus-2|arcus-3|arcus-4|arcus-5|arcus-6|arcus-7|arcus-8|arcus-9|arcus-10)',191,114,462,207,280,363,136,46,0.17200251893013724,mse,0.003967561605844797,12,8,normal,7,10,arcus.q,local,0.003939107955852265,0.003678794641679873,0.003939107955852265
9,INTERMEDIATE,10,arcus_gpu.p,random,0.03838732010397161,1,2048,8col,/baldig/chemistry/earth_system_science/,0.0119960237452017,/home/jott1/Projects/SHERPA_EX/.profile,25,"0,1,2,3",hostname='(arcus-1|arcus-2|arcus-3|arcus-4|arcus-5|arcus-6|arcus-7|arcus-8|arcus-9|arcus-10)',381,471,472,148,185,363,53,268,0.49615271148387224,mse,0.006316927347038426,12,8,normal,2,10,arcus.q,local,0.0022640861043977016,0.002510329018484809,0.0022640861043977016
3,INTERMEDIATE,10,arcus_gpu.p,random,0.16503431821296288,0,2048,8col,/baldig/chemistry/earth_system_science/,0.3438383255207009,/home/jott1/Projects/SHERPA_EX/.profile,25,"0,1,2,3",hostname='(arcus-1|arcus-2|arcus-3|arcus-4|arcus-5|arcus-6|arcus-7|arcus-8|arcus-9|arcus-10)',506,405,155,350,279,240,73,389,0.2847044221225628,mse,0.005733431465591847,12,8,normal,3,10,arcus.q,local,0.009939506566835097,1.5134316440311528,0.009939506566835097
6,INTERMEDIATE,10,arcus_gpu.p,random,0.8782153122237382,0,2048,8col,/baldig/chemistry/earth_system_science/,0.25198588018998597,/home/jott1/Projects/SHERPA_EX/.profile,25,"0,1,2,3",hostname='(arcus-1|arcus-2|arcus-3|arcus-4|arcus-5|arcus-6|arcus-7|arcus-8|arcus-9|arcus-10)',210,355,414,386,427,42,470,237,0.4017590930053058,mse,0.004502085381545749,12,8,normal,3,10,arcus.q,local,0.005583311501518039,1.05325862542653,0.005583311501518039
8,INTERMEDIATE,10,arcus_gpu.p,random,0.6495738586511516,0,2048,8col,/baldig/chemistry/earth_system_science/,0.16426239832082606,/home/jott1/Projects/SHERPA_EX/.profile,25,"0,1,2,3",hostname='(arcus-1|arcus-2|arcus-3|arcus-4|arcus-5|arcus-6|arcus-7|arcus-8|arcus-9|arcus-10)',115,32,207,407,389,161,258,125,0.18354639038677656,mse,0.0031288863457047977,12,8,normal,5,10,arcus.q,local,0.003447914467687045,0.0025429691875674437,0.003447914467687045
8,COMPLETED,10,arcus_gpu.p,random,0.6495738586511516,0,2048,8col,/baldig/chemistry/earth_system_science/,0.16426239832082606,/home/jott1/Projects/SHERPA_EX/.profile,25,"0,1,2,3",hostname='(arcus-1|arcus-2|arcus-3|arcus-4|arcus-5|arcus-6|arcus-7|arcus-8|arcus-9|arcus-10)',115,32,207,407,389,161,258,125,0.18354639038677656,mse,0.0031288863457047977,12,8,normal,5,10,arcus.q,local,0.002722587522678838,0.0027316996523355903,0.002722587522678838
12,INTERMEDIATE,8,arcus_gpu.p,random,0.8144980020114662,1,2048,8col,/baldig/chemistry/earth_system_science/,0.42815894622427864,/home/jott1/Projects/SHERPA_EX/.profile,25,"0,1,2,3",hostname='(arcus-1|arcus-2|arcus-3|arcus-4|arcus-5|arcus-6|arcus-7|arcus-8|arcus-9|arcus-10)',266,342,59,176,192,459,476,281,0.006659648713569999,mse,0.008604570342025438,12,8,normal,6,10,arcus.q,local,0.0029425840845697286,0.0033315153492195332,0.0029425840845697286
14,INTERMEDIATE,0,arcus_gpu.p,random,0.16483959577567986,0,2048,8col,/baldig/chemistry/earth_system_science/,0.3258267787289575,/home/jott1/Projects/SHERPA_EX/.profile,25,"0,1,2,3",hostname='(arcus-1|arcus-2|arcus-3|arcus-4|arcus-5|arcus-6|arcus-7|arcus-8|arcus-9|arcus-10)',140,431,496,307,262,205,252,310,0.47958590464702333,mse,0.00229548322756596,12,8,normal,4,10,arcus.q,local,0.0028849016994769235,0.003285393127401536,0.0028849016994769235
7,INTERMEDIATE,11,arcus_gpu.p,random,0.6547345392989667,1,2048,8col,/baldig/chemistry/earth_system_science/,0.24335961745153817,/home/jott1/Projects/SHERPA_EX/.profile,25,"0,1,2,3",hostname='(arcus-1|arcus-2|arcus-3|arcus-4|arcus-5|arcus-6|arcus-7|arcus-8|arcus-9|arcus-10)',59,217,322,355,34,296,58,344,0.22979486654116077,mse,0.005875251843470484,12,8,normal,4,10,arcus.q,local,0.0030637372035199196,0.002507381897637432,0.0030637372035199196
10,INTERMEDIATE,11,arcus_gpu.p,random,0.9872100732731182,1,2048,8col,/baldig/chemistry/earth_system_science/,0.03025533058247354,/home/jott1/Projects/SHERPA_EX/.profile,25,"0,1,2,3",hostname='(arcus-1|arcus-2|arcus-3|arcus-4|arcus-5|arcus-6|arcus-7|arcus-8|arcus-9|arcus-10)',490,484,123,438,310,341,165,87,0.3736444072735604,mse,0.009101463404983048,12,8,normal,7,10,arcus.q,local,0.0020612422495024057,0.0022071679699227644,0.0020612422495024057
2,INTERMEDIATE,11,arcus_gpu.p,random,0.627151191446744,1,2048,8col,/baldig/chemistry/earth_system_science/,0.12537198587577603,/home/jott1/Projects/SHERPA_EX/.profile,25,"0,1,2,3",hostname='(arcus-1|arcus-2|arcus-3|arcus-4|arcus-5|arcus-6|arcus-7|arcus-8|arcus-9|arcus-10)',98,81,287,220,373,182,429,325,0.45238232743531964,mse,0.0070053584226781405,12,8,normal,7,10,arcus.q,local,0.00232663252516963,0.002687593988076358,0.00232663252516963
1,INTERMEDIATE,11,arcus_gpu.p,random,0.7822840111457458,1,2048,8col,/baldig/chemistry/earth_system_science/,0.024014871699075013,/home/jott1/Projects/SHERPA_EX/.profile,25,"0,1,2,3",hostname='(arcus-1|arcus-2|arcus-3|arcus-4|arcus-5|arcus-6|arcus-7|arcus-8|arcus-9|arcus-10)',176,427,362,371,302,301,428,199,0.4781401857986514,mse,0.007017664888792998,12,8,normal,5,10,arcus.q,local,0.002053025277920973,0.0022403731670617008,0.002053025277920973
11,INTERMEDIATE,11,arcus_gpu.p,random,0.5148417335623015,0,2048,8col,/baldig/chemistry/earth_system_science/,0.11214210397636648,/home/jott1/Projects/SHERPA_EX/.profile,25,"0,1,2,3",hostname='(arcus-1|arcus-2|arcus-3|arcus-4|arcus-5|arcus-6|arcus-7|arcus-8|arcus-9|arcus-10)',329,339,122,376,335,38,353,351,0.42167254143723065,mse,0.006840058529219252,12,8,normal,6,10,arcus.q,local,0.05533335218588343,1374.0424022998227,0.05533335218588343
7,COMPLETED,11,arcus_gpu.p,random,0.6547345392989667,1,2048,8col,/baldig/chemistry/earth_system_science/,0.24335961745153817,/home/jott1/Projects/SHERPA_EX/.profile,25,"0,1,2,3",hostname='(arcus-1|arcus-2|arcus-3|arcus-4|arcus-5|arcus-6|arcus-7|arcus-8|arcus-9|arcus-10)',59,217,322,355,34,296,58,344,0.22979486654116077,mse,0.005875251843470484,12,8,normal,4,10,arcus.q,local,0.002363542840665496,0.0025743897855541277,0.002363542840665496
9,INTERMEDIATE,11,arcus_gpu.p,random,0.03838732010397161,1,2048,8col,/baldig/chemistry/earth_system_science/,0.0119960237452017,/home/jott1/Projects/SHERPA_EX/.profile,25,"0,1,2,3",hostname='(arcus-1|arcus-2|arcus-3|arcus-4|arcus-5|arcus-6|arcus-7|arcus-8|arcus-9|arcus-10)',381,471,472,148,185,363,53,268,0.49615271148387224,mse,0.006316927347038426,12,8,normal,2,10,arcus.q,local,0.002242767132250698,0.0025049225644529207,0.002242767132250698
3,INTERMEDIATE,11,arcus_gpu.p,random,0.16503431821296288,0,2048,8col,/baldig/chemistry/earth_system_science/,0.3438383255207009,/home/jott1/Projects/SHERPA_EX/.profile,25,"0,1,2,3",hostname='(arcus-1|arcus-2|arcus-3|arcus-4|arcus-5|arcus-6|arcus-7|arcus-8|arcus-9|arcus-10)',506,405,155,350,279,240,73,389,0.2847044221225628,mse,0.005733431465591847,12,8,normal,3,10,arcus.q,local,0.0053527660868284595,1.6449713936466934,0.0053527660868284595
6,INTERMEDIATE,11,arcus_gpu.p,random,0.8782153122237382,0,2048,8col,/baldig/chemistry/earth_system_science/,0.25198588018998597,/home/jott1/Projects/SHERPA_EX/.profile,25,"0,1,2,3",hostname='(arcus-1|arcus-2|arcus-3|arcus-4|arcus-5|arcus-6|arcus-7|arcus-8|arcus-9|arcus-10)',210,355,414,386,427,42,470,237,0.4017590930053058,mse,0.004502085381545749,12,8,normal,3,10,arcus.q,local,0.004452169866472968,1.005873015518844,0.004452169866472968
13,INTERMEDIATE,0,arcus_gpu.p,random,0.5190181369963486,0,2048,8col,/baldig/chemistry/earth_system_science/,0.40935690092516736,/home/jott1/Projects/SHERPA_EX/.profile,25,"0,1,2,3",hostname='(arcus-1|arcus-2|arcus-3|arcus-4|arcus-5|arcus-6|arcus-7|arcus-8|arcus-9|arcus-10)',240,250,277,164,334,186,170,50,0.39423285320868123,mse,0.001721680040116367,12,8,normal,6,10,arcus.q,local,0.0031111433275697147,0.0031373773507132876,0.0031111433275697147
5,INTERMEDIATE,11,arcus_gpu.p,random,0.29959391143664216,0,2048,8col,/baldig/chemistry/earth_system_science/,0.18640505957885645,/home/jott1/Projects/SHERPA_EX/.profile,25,"0,1,2,3",hostname='(arcus-1|arcus-2|arcus-3|arcus-4|arcus-5|arcus-6|arcus-7|arcus-8|arcus-9|arcus-10)',191,114,462,207,280,363,136,46,0.17200251893013724,mse,0.003967561605844797,12,8,normal,7,10,arcus.q,local,0.004242665686560391,0.003670647764867979,0.004242665686560391
12,INTERMEDIATE,9,arcus_gpu.p,random,0.8144980020114662,1,2048,8col,/baldig/chemistry/earth_system_science/,0.42815894622427864,/home/jott1/Projects/SHERPA_EX/.profile,25,"0,1,2,3",hostname='(arcus-1|arcus-2|arcus-3|arcus-4|arcus-5|arcus-6|arcus-7|arcus-8|arcus-9|arcus-10)',266,342,59,176,192,459,476,281,0.006659648713569999,mse,0.008604570342025438,12,8,normal,6,10,arcus.q,local,0.0030144773134469093,0.003322734354330336,0.0030144773134469093
14,INTERMEDIATE,1,arcus_gpu.p,random,0.16483959577567986,0,2048,8col,/baldig/chemistry/earth_system_science/,0.3258267787289575,/home/jott1/Projects/SHERPA_EX/.profile,25,"0,1,2,3",hostname='(arcus-1|arcus-2|arcus-3|arcus-4|arcus-5|arcus-6|arcus-7|arcus-8|arcus-9|arcus-10)',140,431,496,307,262,205,252,310,0.47958590464702333,mse,0.00229548322756596,12,8,normal,4,10,arcus.q,local,0.002915849304478568,0.003173021934557176,0.002915849304478568
15,INTERMEDIATE,0,arcus_gpu.p,random,0.8517520178302511,0,2048,8col,/baldig/chemistry/earth_system_science/,0.462496472201653,/home/jott1/Projects/SHERPA_EX/.profile,25,"0,1,2,3",hostname='(arcus-1|arcus-2|arcus-3|arcus-4|arcus-5|arcus-6|arcus-7|arcus-8|arcus-9|arcus-10)',312,153,85,58,310,429,113,127,0.33318816577610516,mse,0.004541369046247116,12,8,normal,3,10,arcus.q,local,0.003478164435899848,0.003819150642473223,0.003478164435899848
10,INTERMEDIATE,12,arcus_gpu.p,random,0.9872100732731182,1,2048,8col,/baldig/chemistry/earth_system_science/,0.03025533058247354,/home/jott1/Projects/SHERPA_EX/.profile,25,"0,1,2,3",hostname='(arcus-1|arcus-2|arcus-3|arcus-4|arcus-5|arcus-6|arcus-7|arcus-8|arcus-9|arcus-10)',490,484,123,438,310,341,165,87,0.3736444072735604,mse,0.009101463404983048,12,8,normal,7,10,arcus.q,local,0.0020429942569870057,0.0022034188433961927,0.0020429942569870057
2,INTERMEDIATE,12,arcus_gpu.p,random,0.627151191446744,1,2048,8col,/baldig/chemistry/earth_system_science/,0.12537198587577603,/home/jott1/Projects/SHERPA_EX/.profile,25,"0,1,2,3",hostname='(arcus-1|arcus-2|arcus-3|arcus-4|arcus-5|arcus-6|arcus-7|arcus-8|arcus-9|arcus-10)',98,81,287,220,373,182,429,325,0.45238232743531964,mse,0.0070053584226781405,12,8,normal,7,10,arcus.q,local,0.0023415522396442626,0.002684155697434335,0.0023415522396442626
1,INTERMEDIATE,12,arcus_gpu.p,random,0.7822840111457458,1,2048,8col,/baldig/chemistry/earth_system_science/,0.024014871699075013,/home/jott1/Projects/SHERPA_EX/.profile,25,"0,1,2,3",hostname='(arcus-1|arcus-2|arcus-3|arcus-4|arcus-5|arcus-6|arcus-7|arcus-8|arcus-9|arcus-10)',176,427,362,371,302,301,428,199,0.4781401857986514,mse,0.007017664888792998,12,8,normal,5,10,arcus.q,local,0.0020862160770776755,0.0022391036056727,0.0020862160770776755
11,INTERMEDIATE,12,arcus_gpu.p,random,0.5148417335623015,0,2048,8col,/baldig/chemistry/earth_system_science/,0.11214210397636648,/home/jott1/Projects/SHERPA_EX/.profile,25,"0,1,2,3",hostname='(arcus-1|arcus-2|arcus-3|arcus-4|arcus-5|arcus-6|arcus-7|arcus-8|arcus-9|arcus-10)',329,339,122,376,335,38,353,351,0.42167254143723065,mse,0.006840058529219252,12,8,normal,6,10,arcus.q,local,0.397940634116117,2165.854589615653,0.397940634116117
11,COMPLETED,12,arcus_gpu.p,random,0.5148417335623015,0,2048,8col,/baldig/chemistry/earth_system_science/,0.11214210397636648,/home/jott1/Projects/SHERPA_EX/.profile,25,"0,1,2,3",hostname='(arcus-1|arcus-2|arcus-3|arcus-4|arcus-5|arcus-6|arcus-7|arcus-8|arcus-9|arcus-10)',329,339,122,376,335,38,353,351,0.42167254143723065,mse,0.006840058529219252,12,8,normal,6,10,arcus.q,local,0.026289611023894717,2741.103418951604,0.026289611023894717
9,INTERMEDIATE,12,arcus_gpu.p,random,0.03838732010397161,1,2048,8col,/baldig/chemistry/earth_system_science/,0.0119960237452017,/home/jott1/Projects/SHERPA_EX/.profile,25,"0,1,2,3",hostname='(arcus-1|arcus-2|arcus-3|arcus-4|arcus-5|arcus-6|arcus-7|arcus-8|arcus-9|arcus-10)',381,471,472,148,185,363,53,268,0.49615271148387224,mse,0.006316927347038426,12,8,normal,2,10,arcus.q,local,0.002205086700973547,0.0025013661494439343,0.002205086700973547
5,INTERMEDIATE,12,arcus_gpu.p,random,0.29959391143664216,0,2048,8col,/baldig/chemistry/earth_system_science/,0.18640505957885645,/home/jott1/Projects/SHERPA_EX/.profile,25,"0,1,2,3",hostname='(arcus-1|arcus-2|arcus-3|arcus-4|arcus-5|arcus-6|arcus-7|arcus-8|arcus-9|arcus-10)',191,114,462,207,280,363,136,46,0.17200251893013724,mse,0.003967561605844797,12,8,normal,7,10,arcus.q,local,0.0038178672631301873,0.003675304315774388,0.0038178672631301873
3,INTERMEDIATE,12,arcus_gpu.p,random,0.16503431821296288,0,2048,8col,/baldig/chemistry/earth_system_science/,0.3438383255207009,/home/jott1/Projects/SHERPA_EX/.profile,25,"0,1,2,3",hostname='(arcus-1|arcus-2|arcus-3|arcus-4|arcus-5|arcus-6|arcus-7|arcus-8|arcus-9|arcus-10)',506,405,155,350,279,240,73,389,0.2847044221225628,mse,0.005733431465591847,12,8,normal,3,10,arcus.q,local,0.005744384941638112,1.561180848836549,0.005744384941638112
6,INTERMEDIATE,12,arcus_gpu.p,random,0.8782153122237382,0,2048,8col,/baldig/chemistry/earth_system_science/,0.25198588018998597,/home/jott1/Projects/SHERPA_EX/.profile,25,"0,1,2,3",hostname='(arcus-1|arcus-2|arcus-3|arcus-4|arcus-5|arcus-6|arcus-7|arcus-8|arcus-9|arcus-10)',210,355,414,386,427,42,470,237,0.4017590930053058,mse,0.004502085381545749,12,8,normal,3,10,arcus.q,local,0.0031478854671300113,1.036094499476935,0.0031478854671300113
13,INTERMEDIATE,1,arcus_gpu.p,random,0.5190181369963486,0,2048,8col,/baldig/chemistry/earth_system_science/,0.40935690092516736,/home/jott1/Projects/SHERPA_EX/.profile,25,"0,1,2,3",hostname='(arcus-1|arcus-2|arcus-3|arcus-4|arcus-5|arcus-6|arcus-7|arcus-8|arcus-9|arcus-10)',240,250,277,164,334,186,170,50,0.39423285320868123,mse,0.001721680040116367,12,8,normal,6,10,arcus.q,local,0.0027624501767022267,0.0030222617737517164,0.0027624501767022267
5,COMPLETED,12,arcus_gpu.p,random,0.29959391143664216,0,2048,8col,/baldig/chemistry/earth_system_science/,0.18640505957885645,/home/jott1/Projects/SHERPA_EX/.profile,25,"0,1,2,3",hostname='(arcus-1|arcus-2|arcus-3|arcus-4|arcus-5|arcus-6|arcus-7|arcus-8|arcus-9|arcus-10)',191,114,462,207,280,363,136,46,0.17200251893013724,mse,0.003967561605844797,12,8,normal,7,10,arcus.q,local,0.003777297500228173,0.0036985882657244087,0.003777297500228173
12,INTERMEDIATE,10,arcus_gpu.p,random,0.8144980020114662,1,2048,8col,/baldig/chemistry/earth_system_science/,0.42815894622427864,/home/jott1/Projects/SHERPA_EX/.profile,25,"0,1,2,3",hostname='(arcus-1|arcus-2|arcus-3|arcus-4|arcus-5|arcus-6|arcus-7|arcus-8|arcus-9|arcus-10)',266,342,59,176,192,459,476,281,0.006659648713569999,mse,0.008604570342025438,12,8,normal,6,10,arcus.q,local,0.0027054956457674404,0.0033206229688298662,0.0027054956457674404
15,INTERMEDIATE,1,arcus_gpu.p,random,0.8517520178302511,0,2048,8col,/baldig/chemistry/earth_system_science/,0.462496472201653,/home/jott1/Projects/SHERPA_EX/.profile,25,"0,1,2,3",hostname='(arcus-1|arcus-2|arcus-3|arcus-4|arcus-5|arcus-6|arcus-7|arcus-8|arcus-9|arcus-10)',312,153,85,58,310,429,113,127,0.33318816577610516,mse,0.004541369046247116,12,8,normal,3,10,arcus.q,local,0.00368874428800432,0.0036810944057449773,0.00368874428800432
14,INTERMEDIATE,2,arcus_gpu.p,random,0.16483959577567986,0,2048,8col,/baldig/chemistry/earth_system_science/,0.3258267787289575,/home/jott1/Projects/SHERPA_EX/.profile,25,"0,1,2,3",hostname='(arcus-1|arcus-2|arcus-3|arcus-4|arcus-5|arcus-6|arcus-7|arcus-8|arcus-9|arcus-10)',140,431,496,307,262,205,252,310,0.47958590464702333,mse,0.00229548322756596,12,8,normal,4,10,arcus.q,local,0.0029082419974748733,0.0031676871430139962,0.0029082419974748733
10,INTERMEDIATE,13,arcus_gpu.p,random,0.9872100732731182,1,2048,8col,/baldig/chemistry/earth_system_science/,0.03025533058247354,/home/jott1/Projects/SHERPA_EX/.profile,25,"0,1,2,3",hostname='(arcus-1|arcus-2|arcus-3|arcus-4|arcus-5|arcus-6|arcus-7|arcus-8|arcus-9|arcus-10)',490,484,123,438,310,341,165,87,0.3736444072735604,mse,0.009101463404983048,12,8,normal,7,10,arcus.q,local,0.002048608262034287,0.002201144205997645,0.002048608262034287
2,INTERMEDIATE,13,arcus_gpu.p,random,0.627151191446744,1,2048,8col,/baldig/chemistry/earth_system_science/,0.12537198587577603,/home/jott1/Projects/SHERPA_EX/.profile,25,"0,1,2,3",hostname='(arcus-1|arcus-2|arcus-3|arcus-4|arcus-5|arcus-6|arcus-7|arcus-8|arcus-9|arcus-10)',98,81,287,220,373,182,429,325,0.45238232743531964,mse,0.0070053584226781405,12,8,normal,7,10,arcus.q,local,0.002245728042787722,0.002679588204115112,0.002245728042787722
1,INTERMEDIATE,13,arcus_gpu.p,random,0.7822840111457458,1,2048,8col,/baldig/chemistry/earth_system_science/,0.024014871699075013,/home/jott1/Projects/SHERPA_EX/.profile,25,"0,1,2,3",hostname='(arcus-1|arcus-2|arcus-3|arcus-4|arcus-5|arcus-6|arcus-7|arcus-8|arcus-9|arcus-10)',176,427,362,371,302,301,428,199,0.4781401857986514,mse,0.007017664888792998,12,8,normal,5,10,arcus.q,local,0.002046589681869059,0.0022352491763482155,0.002046589681869059
9,INTERMEDIATE,13,arcus_gpu.p,random,0.03838732010397161,1,2048,8col,/baldig/chemistry/earth_system_science/,0.0119960237452017,/home/jott1/Projects/SHERPA_EX/.profile,25,"0,1,2,3",hostname='(arcus-1|arcus-2|arcus-3|arcus-4|arcus-5|arcus-6|arcus-7|arcus-8|arcus-9|arcus-10)',381,471,472,148,185,363,53,268,0.49615271148387224,mse,0.006316927347038426,12,8,normal,2,10,arcus.q,local,0.002255369047709609,0.002498114313156762,0.002255369047709609
16,INTERMEDIATE,0,arcus_gpu.p,random,0.14033645424064933,0,2048,8col,/baldig/chemistry/earth_system_science/,0.23548549463787288,/home/jott1/Projects/SHERPA_EX/.profile,25,"0,1,2,3",hostname='(arcus-1|arcus-2|arcus-3|arcus-4|arcus-5|arcus-6|arcus-7|arcus-8|arcus-9|arcus-10)',350,248,140,81,302,204,228,429,0.14604199236037646,mse,0.006224552766102101,12,8,normal,4,10,arcus.q,local,0.003632858720395131,0.0042571859866753995,0.003632858720395131
3,INTERMEDIATE,13,arcus_gpu.p,random,0.16503431821296288,0,2048,8col,/baldig/chemistry/earth_system_science/,0.3438383255207009,/home/jott1/Projects/SHERPA_EX/.profile,25,"0,1,2,3",hostname='(arcus-1|arcus-2|arcus-3|arcus-4|arcus-5|arcus-6|arcus-7|arcus-8|arcus-9|arcus-10)',506,405,155,350,279,240,73,389,0.2847044221225628,mse,0.005733431465591847,12,8,normal,3,10,arcus.q,local,0.006872169048707418,1.4148277085906669,0.006872169048707418
6,INTERMEDIATE,13,arcus_gpu.p,random,0.8782153122237382,0,2048,8col,/baldig/chemistry/earth_system_science/,0.25198588018998597,/home/jott1/Projects/SHERPA_EX/.profile,25,"0,1,2,3",hostname='(arcus-1|arcus-2|arcus-3|arcus-4|arcus-5|arcus-6|arcus-7|arcus-8|arcus-9|arcus-10)',210,355,414,386,427,42,470,237,0.4017590930053058,mse,0.004502085381545749,12,8,normal,3,10,arcus.q,local,0.022188913559888283,1.0343799541303837,0.022188913559888283
13,INTERMEDIATE,2,arcus_gpu.p,random,0.5190181369963486,0,2048,8col,/baldig/chemistry/earth_system_science/,0.40935690092516736,/home/jott1/Projects/SHERPA_EX/.profile,25,"0,1,2,3",hostname='(arcus-1|arcus-2|arcus-3|arcus-4|arcus-5|arcus-6|arcus-7|arcus-8|arcus-9|arcus-10)',240,250,277,164,334,186,170,50,0.39423285320868123,mse,0.001721680040116367,12,8,normal,6,10,arcus.q,local,0.0028145622909000975,0.003008975884126952,0.0028145622909000975
17,INTERMEDIATE,0,arcus_gpu.p,random,0.3740231579031249,0,2048,8col,/baldig/chemistry/earth_system_science/,0.41172136830791994,/home/jott1/Projects/SHERPA_EX/.profile,25,"0,1,2,3",hostname='(arcus-1|arcus-2|arcus-3|arcus-4|arcus-5|arcus-6|arcus-7|arcus-8|arcus-9|arcus-10)',149,441,438,496,355,269,88,404,0.15150963429216252,mse,0.009291637303461598,12,8,normal,5,10,arcus.q,local,0.19462960759329034,4053.304145390637,0.19462960759329034
12,INTERMEDIATE,11,arcus_gpu.p,random,0.8144980020114662,1,2048,8col,/baldig/chemistry/earth_system_science/,0.42815894622427864,/home/jott1/Projects/SHERPA_EX/.profile,25,"0,1,2,3",hostname='(arcus-1|arcus-2|arcus-3|arcus-4|arcus-5|arcus-6|arcus-7|arcus-8|arcus-9|arcus-10)',266,342,59,176,192,459,476,281,0.006659648713569999,mse,0.008604570342025438,12,8,normal,6,10,arcus.q,local,0.002683807741237493,0.0033231773287881452,0.002683807741237493
15,INTERMEDIATE,2,arcus_gpu.p,random,0.8517520178302511,0,2048,8col,/baldig/chemistry/earth_system_science/,0.462496472201653,/home/jott1/Projects/SHERPA_EX/.profile,25,"0,1,2,3",hostname='(arcus-1|arcus-2|arcus-3|arcus-4|arcus-5|arcus-6|arcus-7|arcus-8|arcus-9|arcus-10)',312,153,85,58,310,429,113,127,0.33318816577610516,mse,0.004541369046247116,12,8,normal,3,10,arcus.q,local,0.0029121630542728273,0.003671992618131043,0.0029121630542728273
14,INTERMEDIATE,3,arcus_gpu.p,random,0.16483959577567986,0,2048,8col,/baldig/chemistry/earth_system_science/,0.3258267787289575,/home/jott1/Projects/SHERPA_EX/.profile,25,"0,1,2,3",hostname='(arcus-1|arcus-2|arcus-3|arcus-4|arcus-5|arcus-6|arcus-7|arcus-8|arcus-9|arcus-10)',140,431,496,307,262,205,252,310,0.47958590464702333,mse,0.00229548322756596,12,8,normal,4,10,arcus.q,local,0.002827663212367661,0.0031635247076742235,0.002827663212367661
17,INTERMEDIATE,1,arcus_gpu.p,random,0.3740231579031249,0,2048,8col,/baldig/chemistry/earth_system_science/,0.41172136830791994,/home/jott1/Projects/SHERPA_EX/.profile,25,"0,1,2,3",hostname='(arcus-1|arcus-2|arcus-3|arcus-4|arcus-5|arcus-6|arcus-7|arcus-8|arcus-9|arcus-10)',149,441,438,496,355,269,88,404,0.15150963429216252,mse,0.009291637303461598,12,8,normal,5,10,arcus.q,local,469.07737674735813,1369.4609035755043,469.07737674735813
10,INTERMEDIATE,14,arcus_gpu.p,random,0.9872100732731182,1,2048,8col,/baldig/chemistry/earth_system_science/,0.03025533058247354,/home/jott1/Projects/SHERPA_EX/.profile,25,"0,1,2,3",hostname='(arcus-1|arcus-2|arcus-3|arcus-4|arcus-5|arcus-6|arcus-7|arcus-8|arcus-9|arcus-10)',490,484,123,438,310,341,165,87,0.3736444072735604,mse,0.009101463404983048,12,8,normal,7,10,arcus.q,local,0.0020359312244304607,0.0021980778127683566,0.0020359312244304607
2,INTERMEDIATE,14,arcus_gpu.p,random,0.627151191446744,1,2048,8col,/baldig/chemistry/earth_system_science/,0.12537198587577603,/home/jott1/Projects/SHERPA_EX/.profile,25,"0,1,2,3",hostname='(arcus-1|arcus-2|arcus-3|arcus-4|arcus-5|arcus-6|arcus-7|arcus-8|arcus-9|arcus-10)',98,81,287,220,373,182,429,325,0.45238232743531964,mse,0.0070053584226781405,12,8,normal,7,10,arcus.q,local,0.0022173281672920853,0.0026790750283135537,0.0022173281672920853
1,INTERMEDIATE,14,arcus_gpu.p,random,0.7822840111457458,1,2048,8col,/baldig/chemistry/earth_system_science/,0.024014871699075013,/home/jott1/Projects/SHERPA_EX/.profile,25,"0,1,2,3",hostname='(arcus-1|arcus-2|arcus-3|arcus-4|arcus-5|arcus-6|arcus-7|arcus-8|arcus-9|arcus-10)',176,427,362,371,302,301,428,199,0.4781401857986514,mse,0.007017664888792998,12,8,normal,5,10,arcus.q,local,0.002092953661079702,0.0022325721277436524,0.002092953661079702
6,INTERMEDIATE,14,arcus_gpu.p,random,0.8782153122237382,0,2048,8col,/baldig/chemistry/earth_system_science/,0.25198588018998597,/home/jott1/Projects/SHERPA_EX/.profile,25,"0,1,2,3",hostname='(arcus-1|arcus-2|arcus-3|arcus-4|arcus-5|arcus-6|arcus-7|arcus-8|arcus-9|arcus-10)',210,355,414,386,427,42,470,237,0.4017590930053058,mse,0.004502085381545749,12,8,normal,3,10,arcus.q,local,0.0057724641941210375,0.9407219401630892,0.0057724641941210375
3,INTERMEDIATE,14,arcus_gpu.p,random,0.16503431821296288,0,2048,8col,/baldig/chemistry/earth_system_science/,0.3438383255207009,/home/jott1/Projects/SHERPA_EX/.profile,25,"0,1,2,3",hostname='(arcus-1|arcus-2|arcus-3|arcus-4|arcus-5|arcus-6|arcus-7|arcus-8|arcus-9|arcus-10)',506,405,155,350,279,240,73,389,0.2847044221225628,mse,0.005733431465591847,12,8,normal,3,10,arcus.q,local,0.004364485842856372,1.5123407411074543,0.004364485842856372
16,INTERMEDIATE,1,arcus_gpu.p,random,0.14033645424064933,0,2048,8col,/baldig/chemistry/earth_system_science/,0.23548549463787288,/home/jott1/Projects/SHERPA_EX/.profile,25,"0,1,2,3",hostname='(arcus-1|arcus-2|arcus-3|arcus-4|arcus-5|arcus-6|arcus-7|arcus-8|arcus-9|arcus-10)',350,248,140,81,302,204,228,429,0.14604199236037646,mse,0.006224552766102101,12,8,normal,4,10,arcus.q,local,0.0033184131798453522,0.003909771750048624,0.0033184131798453522
9,INTERMEDIATE,14,arcus_gpu.p,random,0.03838732010397161,1,2048,8col,/baldig/chemistry/earth_system_science/,0.0119960237452017,/home/jott1/Projects/SHERPA_EX/.profile,25,"0,1,2,3",hostname='(arcus-1|arcus-2|arcus-3|arcus-4|arcus-5|arcus-6|arcus-7|arcus-8|arcus-9|arcus-10)',381,471,472,148,185,363,53,268,0.49615271148387224,mse,0.006316927347038426,12,8,normal,2,10,arcus.q,local,0.002240790504784149,0.002494546416068535,0.002240790504784149
13,INTERMEDIATE,3,arcus_gpu.p,random,0.5190181369963486,0,2048,8col,/baldig/chemistry/earth_system_science/,0.40935690092516736,/home/jott1/Projects/SHERPA_EX/.profile,25,"0,1,2,3",hostname='(arcus-1|arcus-2|arcus-3|arcus-4|arcus-5|arcus-6|arcus-7|arcus-8|arcus-9|arcus-10)',240,250,277,164,334,186,170,50,0.39423285320868123,mse,0.001721680040116367,12,8,normal,6,10,arcus.q,local,0.0030879745413431654,0.003000054241135983,0.0030879745413431654
12,INTERMEDIATE,12,arcus_gpu.p,random,0.8144980020114662,1,2048,8col,/baldig/chemistry/earth_system_science/,0.42815894622427864,/home/jott1/Projects/SHERPA_EX/.profile,25,"0,1,2,3",hostname='(arcus-1|arcus-2|arcus-3|arcus-4|arcus-5|arcus-6|arcus-7|arcus-8|arcus-9|arcus-10)',266,342,59,176,192,459,476,281,0.006659648713569999,mse,0.008604570342025438,12,8,normal,6,10,arcus.q,local,0.0027471609006737034,0.0033110724941924807,0.0027471609006737034
15,INTERMEDIATE,3,arcus_gpu.p,random,0.8517520178302511,0,2048,8col,/baldig/chemistry/earth_system_science/,0.462496472201653,/home/jott1/Projects/SHERPA_EX/.profile,25,"0,1,2,3",hostname='(arcus-1|arcus-2|arcus-3|arcus-4|arcus-5|arcus-6|arcus-7|arcus-8|arcus-9|arcus-10)',312,153,85,58,310,429,113,127,0.33318816577610516,mse,0.004541369046247116,12,8,normal,3,10,arcus.q,local,0.0030891198803241586,0.003656637211400403,0.0030891198803241586
17,INTERMEDIATE,2,arcus_gpu.p,random,0.3740231579031249,0,2048,8col,/baldig/chemistry/earth_system_science/,0.41172136830791994,/home/jott1/Projects/SHERPA_EX/.profile,25,"0,1,2,3",hostname='(arcus-1|arcus-2|arcus-3|arcus-4|arcus-5|arcus-6|arcus-7|arcus-8|arcus-9|arcus-10)',149,441,438,496,355,269,88,404,0.15150963429216252,mse,0.009291637303461598,12,8,normal,5,10,arcus.q,local,1.7098043108665448,1675.7125785368205,1.7098043108665448
16,INTERMEDIATE,2,arcus_gpu.p,random,0.14033645424064933,0,2048,8col,/baldig/chemistry/earth_system_science/,0.23548549463787288,/home/jott1/Projects/SHERPA_EX/.profile,25,"0,1,2,3",hostname='(arcus-1|arcus-2|arcus-3|arcus-4|arcus-5|arcus-6|arcus-7|arcus-8|arcus-9|arcus-10)',350,248,140,81,302,204,228,429,0.14604199236037646,mse,0.006224552766102101,12,8,normal,4,10,arcus.q,local,0.003127169731716055,0.003999843038076357,0.003127169731716055
14,INTERMEDIATE,4,arcus_gpu.p,random,0.16483959577567986,0,2048,8col,/baldig/chemistry/earth_system_science/,0.3258267787289575,/home/jott1/Projects/SHERPA_EX/.profile,25,"0,1,2,3",hostname='(arcus-1|arcus-2|arcus-3|arcus-4|arcus-5|arcus-6|arcus-7|arcus-8|arcus-9|arcus-10)',140,431,496,307,262,205,252,310,0.47958590464702333,mse,0.00229548322756596,12,8,normal,4,10,arcus.q,local,0.0034777231046601,0.0031574479240344226,0.0034777231046601
13,INTERMEDIATE,4,arcus_gpu.p,random,0.5190181369963486,0,2048,8col,/baldig/chemistry/earth_system_science/,0.40935690092516736,/home/jott1/Projects/SHERPA_EX/.profile,25,"0,1,2,3",hostname='(arcus-1|arcus-2|arcus-3|arcus-4|arcus-5|arcus-6|arcus-7|arcus-8|arcus-9|arcus-10)',240,250,277,164,334,186,170,50,0.39423285320868123,mse,0.001721680040116367,12,8,normal,6,10,arcus.q,local,0.002925720295220482,0.002996894558276812,0.002925720295220482
6,INTERMEDIATE,15,arcus_gpu.p,random,0.8782153122237382,0,2048,8col,/baldig/chemistry/earth_system_science/,0.25198588018998597,/home/jott1/Projects/SHERPA_EX/.profile,25,"0,1,2,3",hostname='(arcus-1|arcus-2|arcus-3|arcus-4|arcus-5|arcus-6|arcus-7|arcus-8|arcus-9|arcus-10)',210,355,414,386,427,42,470,237,0.4017590930053058,mse,0.004502085381545749,12,8,normal,3,10,arcus.q,local,0.005223899587067971,0.8919240526178946,0.005223899587067971
3,INTERMEDIATE,15,arcus_gpu.p,random,0.16503431821296288,0,2048,8col,/baldig/chemistry/earth_system_science/,0.3438383255207009,/home/jott1/Projects/SHERPA_EX/.profile,25,"0,1,2,3",hostname='(arcus-1|arcus-2|arcus-3|arcus-4|arcus-5|arcus-6|arcus-7|arcus-8|arcus-9|arcus-10)',506,405,155,350,279,240,73,389,0.2847044221225628,mse,0.005733431465591847,12,8,normal,3,10,arcus.q,local,110.10003250893347,1.4870151757355168,110.10003250893347
10,INTERMEDIATE,15,arcus_gpu.p,random,0.9872100732731182,1,2048,8col,/baldig/chemistry/earth_system_science/,0.03025533058247354,/home/jott1/Projects/SHERPA_EX/.profile,25,"0,1,2,3",hostname='(arcus-1|arcus-2|arcus-3|arcus-4|arcus-5|arcus-6|arcus-7|arcus-8|arcus-9|arcus-10)',490,484,123,438,310,341,165,87,0.3736444072735604,mse,0.009101463404983048,12,8,normal,7,10,arcus.q,local,0.0020294420395348275,0.0021960264220085195,0.0020294420395348275
2,INTERMEDIATE,15,arcus_gpu.p,random,0.627151191446744,1,2048,8col,/baldig/chemistry/earth_system_science/,0.12537198587577603,/home/jott1/Projects/SHERPA_EX/.profile,25,"0,1,2,3",hostname='(arcus-1|arcus-2|arcus-3|arcus-4|arcus-5|arcus-6|arcus-7|arcus-8|arcus-9|arcus-10)',98,81,287,220,373,182,429,325,0.45238232743531964,mse,0.0070053584226781405,12,8,normal,7,10,arcus.q,local,0.002267894421539147,0.002677596672801791,0.002267894421539147
1,INTERMEDIATE,15,arcus_gpu.p,random,0.7822840111457458,1,2048,8col,/baldig/chemistry/earth_system_science/,0.024014871699075013,/home/jott1/Projects/SHERPA_EX/.profile,25,"0,1,2,3",hostname='(arcus-1|arcus-2|arcus-3|arcus-4|arcus-5|arcus-6|arcus-7|arcus-8|arcus-9|arcus-10)',176,427,362,371,302,301,428,199,0.4781401857986514,mse,0.007017664888792998,12,8,normal,5,10,arcus.q,local,0.0020013809755411688,0.0022301600496918267,0.0020013809755411688
9,INTERMEDIATE,15,arcus_gpu.p,random,0.03838732010397161,1,2048,8col,/baldig/chemistry/earth_system_science/,0.0119960237452017,/home/jott1/Projects/SHERPA_EX/.profile,25,"0,1,2,3",hostname='(arcus-1|arcus-2|arcus-3|arcus-4|arcus-5|arcus-6|arcus-7|arcus-8|arcus-9|arcus-10)',381,471,472,148,185,363,53,268,0.49615271148387224,mse,0.006316927347038426,12,8,normal,2,10,arcus.q,local,0.0022911722973640394,0.002492420696886337,0.0022911722973640394
15,INTERMEDIATE,4,arcus_gpu.p,random,0.8517520178302511,0,2048,8col,/baldig/chemistry/earth_system_science/,0.462496472201653,/home/jott1/Projects/SHERPA_EX/.profile,25,"0,1,2,3",hostname='(arcus-1|arcus-2|arcus-3|arcus-4|arcus-5|arcus-6|arcus-7|arcus-8|arcus-9|arcus-10)',312,153,85,58,310,429,113,127,0.33318816577610516,mse,0.004541369046247116,12,8,normal,3,10,arcus.q,local,0.0030138696393086765,0.0036409203198852465,0.0030138696393086765
14,INTERMEDIATE,5,arcus_gpu.p,random,0.16483959577567986,0,2048,8col,/baldig/chemistry/earth_system_science/,0.3258267787289575,/home/jott1/Projects/SHERPA_EX/.profile,25,"0,1,2,3",hostname='(arcus-1|arcus-2|arcus-3|arcus-4|arcus-5|arcus-6|arcus-7|arcus-8|arcus-9|arcus-10)',140,431,496,307,262,205,252,310,0.47958590464702333,mse,0.00229548322756596,12,8,normal,4,10,arcus.q,local,0.0026936498229898835,0.0031462066093954706,0.0026936498229898835
17,INTERMEDIATE,3,arcus_gpu.p,random,0.3740231579031249,0,2048,8col,/baldig/chemistry/earth_system_science/,0.41172136830791994,/home/jott1/Projects/SHERPA_EX/.profile,25,"0,1,2,3",hostname='(arcus-1|arcus-2|arcus-3|arcus-4|arcus-5|arcus-6|arcus-7|arcus-8|arcus-9|arcus-10)',149,441,438,496,355,269,88,404,0.15150963429216252,mse,0.009291637303461598,12,8,normal,5,10,arcus.q,local,2.380552213427678,1581.9138204407893,2.380552213427678
1,INTERMEDIATE,16,arcus_gpu.p,random,0.7822840111457458,1,2048,8col,/baldig/chemistry/earth_system_science/,0.024014871699075013,/home/jott1/Projects/SHERPA_EX/.profile,25,"0,1,2,3",hostname='(arcus-1|arcus-2|arcus-3|arcus-4|arcus-5|arcus-6|arcus-7|arcus-8|arcus-9|arcus-10)',176,427,362,371,302,301,428,199,0.4781401857986514,mse,0.007017664888792998,12,8,normal,5,10,arcus.q,local,0.0020413858434617017,0.002228360119900052,0.0020413858434617017
2,INTERMEDIATE,16,arcus_gpu.p,random,0.627151191446744,1,2048,8col,/baldig/chemistry/earth_system_science/,0.12537198587577603,/home/jott1/Projects/SHERPA_EX/.profile,25,"0,1,2,3",hostname='(arcus-1|arcus-2|arcus-3|arcus-4|arcus-5|arcus-6|arcus-7|arcus-8|arcus-9|arcus-10)',98,81,287,220,373,182,429,325,0.45238232743531964,mse,0.0070053584226781405,12,8,normal,7,10,arcus.q,local,0.00221063319236028,0.0026775324225732445,0.00221063319236028
10,INTERMEDIATE,16,arcus_gpu.p,random,0.9872100732731182,1,2048,8col,/baldig/chemistry/earth_system_science/,0.03025533058247354,/home/jott1/Projects/SHERPA_EX/.profile,25,"0,1,2,3",hostname='(arcus-1|arcus-2|arcus-3|arcus-4|arcus-5|arcus-6|arcus-7|arcus-8|arcus-9|arcus-10)',490,484,123,438,310,341,165,87,0.3736444072735604,mse,0.009101463404983048,12,8,normal,7,10,arcus.q,local,0.002013876427234776,0.0021939795070941696,0.002013876427234776
12,INTERMEDIATE,13,arcus_gpu.p,random,0.8144980020114662,1,2048,8col,/baldig/chemistry/earth_system_science/,0.42815894622427864,/home/jott1/Projects/SHERPA_EX/.profile,25,"0,1,2,3",hostname='(arcus-1|arcus-2|arcus-3|arcus-4|arcus-5|arcus-6|arcus-7|arcus-8|arcus-9|arcus-10)',266,342,59,176,192,459,476,281,0.006659648713569999,mse,0.008604570342025438,12,8,normal,6,10,arcus.q,local,0.002544953868233757,0.00331603722169003,0.002544953868233757
6,INTERMEDIATE,16,arcus_gpu.p,random,0.8782153122237382,0,2048,8col,/baldig/chemistry/earth_system_science/,0.25198588018998597,/home/jott1/Projects/SHERPA_EX/.profile,25,"0,1,2,3",hostname='(arcus-1|arcus-2|arcus-3|arcus-4|arcus-5|arcus-6|arcus-7|arcus-8|arcus-9|arcus-10)',210,355,414,386,427,42,470,237,0.4017590930053058,mse,0.004502085381545749,12,8,normal,3,10,arcus.q,local,0.0426869386741804,0.8805537891073513,0.0426869386741804
3,INTERMEDIATE,16,arcus_gpu.p,random,0.16503431821296288,0,2048,8col,/baldig/chemistry/earth_system_science/,0.3438383255207009,/home/jott1/Projects/SHERPA_EX/.profile,25,"0,1,2,3",hostname='(arcus-1|arcus-2|arcus-3|arcus-4|arcus-5|arcus-6|arcus-7|arcus-8|arcus-9|arcus-10)',506,405,155,350,279,240,73,389,0.2847044221225628,mse,0.005733431465591847,12,8,normal,3,10,arcus.q,local,0.003409488138013762,1.662642770819776,0.003409488138013762
16,INTERMEDIATE,3,arcus_gpu.p,random,0.14033645424064933,0,2048,8col,/baldig/chemistry/earth_system_science/,0.23548549463787288,/home/jott1/Projects/SHERPA_EX/.profile,25,"0,1,2,3",hostname='(arcus-1|arcus-2|arcus-3|arcus-4|arcus-5|arcus-6|arcus-7|arcus-8|arcus-9|arcus-10)',350,248,140,81,302,204,228,429,0.14604199236037646,mse,0.006224552766102101,12,8,normal,4,10,arcus.q,local,0.003207975930388359,0.003738925072570993,0.003207975930388359
9,INTERMEDIATE,16,arcus_gpu.p,random,0.03838732010397161,1,2048,8col,/baldig/chemistry/earth_system_science/,0.0119960237452017,/home/jott1/Projects/SHERPA_EX/.profile,25,"0,1,2,3",hostname='(arcus-1|arcus-2|arcus-3|arcus-4|arcus-5|arcus-6|arcus-7|arcus-8|arcus-9|arcus-10)',381,471,472,148,185,363,53,268,0.49615271148387224,mse,0.006316927347038426,12,8,normal,2,10,arcus.q,local,0.002219726768832214,0.0024914610345548095,0.002219726768832214
13,INTERMEDIATE,5,arcus_gpu.p,random,0.5190181369963486,0,2048,8col,/baldig/chemistry/earth_system_science/,0.40935690092516736,/home/jott1/Projects/SHERPA_EX/.profile,25,"0,1,2,3",hostname='(arcus-1|arcus-2|arcus-3|arcus-4|arcus-5|arcus-6|arcus-7|arcus-8|arcus-9|arcus-10)',240,250,277,164,334,186,170,50,0.39423285320868123,mse,0.001721680040116367,12,8,normal,6,10,arcus.q,local,0.0028397719240559013,0.002994314946351727,0.0028397719240559013
17,INTERMEDIATE,4,arcus_gpu.p,random,0.3740231579031249,0,2048,8col,/baldig/chemistry/earth_system_science/,0.41172136830791994,/home/jott1/Projects/SHERPA_EX/.profile,25,"0,1,2,3",hostname='(arcus-1|arcus-2|arcus-3|arcus-4|arcus-5|arcus-6|arcus-7|arcus-8|arcus-9|arcus-10)',149,441,438,496,355,269,88,404,0.15150963429216252,mse,0.009291637303461598,12,8,normal,5,10,arcus.q,local,1.5642182833036633,2032.688548995865,1.5642182833036633
15,INTERMEDIATE,5,arcus_gpu.p,random,0.8517520178302511,0,2048,8col,/baldig/chemistry/earth_system_science/,0.462496472201653,/home/jott1/Projects/SHERPA_EX/.profile,25,"0,1,2,3",hostname='(arcus-1|arcus-2|arcus-3|arcus-4|arcus-5|arcus-6|arcus-7|arcus-8|arcus-9|arcus-10)',312,153,85,58,310,429,113,127,0.33318816577610516,mse,0.004541369046247116,12,8,normal,3,10,arcus.q,local,0.0027848802784044475,0.0036490900313474292,0.0027848802784044475
14,INTERMEDIATE,6,arcus_gpu.p,random,0.16483959577567986,0,2048,8col,/baldig/chemistry/earth_system_science/,0.3258267787289575,/home/jott1/Projects/SHERPA_EX/.profile,25,"0,1,2,3",hostname='(arcus-1|arcus-2|arcus-3|arcus-4|arcus-5|arcus-6|arcus-7|arcus-8|arcus-9|arcus-10)',140,431,496,307,262,205,252,310,0.47958590464702333,mse,0.00229548322756596,12,8,normal,4,10,arcus.q,local,0.0026575014001546018,0.003138983107819065,0.0026575014001546018
10,INTERMEDIATE,17,arcus_gpu.p,random,0.9872100732731182,1,2048,8col,/baldig/chemistry/earth_system_science/,0.03025533058247354,/home/jott1/Projects/SHERPA_EX/.profile,25,"0,1,2,3",hostname='(arcus-1|arcus-2|arcus-3|arcus-4|arcus-5|arcus-6|arcus-7|arcus-8|arcus-9|arcus-10)',490,484,123,438,310,341,165,87,0.3736444072735604,mse,0.009101463404983048,12,8,normal,7,10,arcus.q,local,0.0020330176609167283,0.0021924396705563587,0.0020330176609167283
2,INTERMEDIATE,17,arcus_gpu.p,random,0.627151191446744,1,2048,8col,/baldig/chemistry/earth_system_science/,0.12537198587577603,/home/jott1/Projects/SHERPA_EX/.profile,25,"0,1,2,3",hostname='(arcus-1|arcus-2|arcus-3|arcus-4|arcus-5|arcus-6|arcus-7|arcus-8|arcus-9|arcus-10)',98,81,287,220,373,182,429,325,0.45238232743531964,mse,0.0070053584226781405,12,8,normal,7,10,arcus.q,local,0.002293679721151647,0.0026743180321212867,0.002293679721151647
1,INTERMEDIATE,17,arcus_gpu.p,random,0.7822840111457458,1,2048,8col,/baldig/chemistry/earth_system_science/,0.024014871699075013,/home/jott1/Projects/SHERPA_EX/.profile,25,"0,1,2,3",hostname='(arcus-1|arcus-2|arcus-3|arcus-4|arcus-5|arcus-6|arcus-7|arcus-8|arcus-9|arcus-10)',176,427,362,371,302,301,428,199,0.4781401857986514,mse,0.007017664888792998,12,8,normal,5,10,arcus.q,local,0.0020523684699305855,0.0022262089106370227,0.0020523684699305855
2,COMPLETED,17,arcus_gpu.p,random,0.627151191446744,1,2048,8col,/baldig/chemistry/earth_system_science/,0.12537198587577603,/home/jott1/Projects/SHERPA_EX/.profile,25,"0,1,2,3",hostname='(arcus-1|arcus-2|arcus-3|arcus-4|arcus-5|arcus-6|arcus-7|arcus-8|arcus-9|arcus-10)',98,81,287,220,373,182,429,325,0.45238232743531964,mse,0.0070053584226781405,12,8,normal,7,10,arcus.q,local,0.002210296624183267,0.00269880054693907,0.002210296624183267
