Trial-ID,Status,Iteration,P,alpha,batch_norm,batch_size,data,data_dir,dropout,env,epochs,l,layer_0,layer_1,layer_2,layer_3,layer_4,layer_5,layer_6,layer_7,leaky_relu,loss_type,lr,max_concurrent,max_dense_layers,net_type,num_layers,patience,q,Objective,loss,val_loss
1,INTERMEDIATE,0,arcus_gpu.p,0.6129342639661327,1,2048,fluxbypass_aqua,/baldig/chemistry/earth_system_science/,0.31006615680329536,/home/jott1/Projects/SHERPA_EX/.profile,25,hostname='(arcus-1|arcus-2|arcus-3|arcus-4|arcus-5|arcus-6|arcus-7|arcus-8|arcus-9|arcus-10)',419,496,428,264,97,159,377,323,0.1664882684354071,weak_loss,0.0001663646758609935,3,8,normal,3,10,arcus.q,-474418.67961046257,-36446.67369207041,-474418.67961046257
2,INTERMEDIATE,0,arcus_gpu.p,0.09027320453246357,0,2048,fluxbypass_aqua,/baldig/chemistry/earth_system_science/,0.35367844798622505,/home/jott1/Projects/SHERPA_EX/.profile,25,hostname='(arcus-1|arcus-2|arcus-3|arcus-4|arcus-5|arcus-6|arcus-7|arcus-8|arcus-9|arcus-10)',407,368,217,393,275,351,119,412,0.11162882653526957,weak_loss,0.00015800329494968594,3,8,normal,7,10,arcus.q,289.7985668883062,956.5168366155602,289.7985668883062
3,INTERMEDIATE,0,arcus_gpu.p,0.930557930959534,1,2048,fluxbypass_aqua,/baldig/chemistry/earth_system_science/,0.43923341652708575,/home/jott1/Projects/SHERPA_EX/.profile,25,hostname='(arcus-1|arcus-2|arcus-3|arcus-4|arcus-5|arcus-6|arcus-7|arcus-8|arcus-9|arcus-10)',83,112,396,219,145,451,154,410,0.19029949384002354,weak_loss,0.009597319289301427,3,8,normal,6,10,arcus.q,-15123590203662.85,-1719802350653.829,-15123590203662.85
1,INTERMEDIATE,1,arcus_gpu.p,0.6129342639661327,1,2048,fluxbypass_aqua,/baldig/chemistry/earth_system_science/,0.31006615680329536,/home/jott1/Projects/SHERPA_EX/.profile,25,hostname='(arcus-1|arcus-2|arcus-3|arcus-4|arcus-5|arcus-6|arcus-7|arcus-8|arcus-9|arcus-10)',419,496,428,264,97,159,377,323,0.1664882684354071,weak_loss,0.0001663646758609935,3,8,normal,3,10,arcus.q,-39635243.38935615,-5325000.356491384,-39635243.38935615
2,INTERMEDIATE,1,arcus_gpu.p,0.09027320453246357,0,2048,fluxbypass_aqua,/baldig/chemistry/earth_system_science/,0.35367844798622505,/home/jott1/Projects/SHERPA_EX/.profile,25,hostname='(arcus-1|arcus-2|arcus-3|arcus-4|arcus-5|arcus-6|arcus-7|arcus-8|arcus-9|arcus-10)',407,368,217,393,275,351,119,412,0.11162882653526957,weak_loss,0.00015800329494968594,3,8,normal,7,10,arcus.q,244.14573606851022,412.01108128473174,244.14573606851022
3,INTERMEDIATE,1,arcus_gpu.p,0.930557930959534,1,2048,fluxbypass_aqua,/baldig/chemistry/earth_system_science/,0.43923341652708575,/home/jott1/Projects/SHERPA_EX/.profile,25,hostname='(arcus-1|arcus-2|arcus-3|arcus-4|arcus-5|arcus-6|arcus-7|arcus-8|arcus-9|arcus-10)',83,112,396,219,145,451,154,410,0.19029949384002354,weak_loss,0.009597319289301427,3,8,normal,6,10,arcus.q,-591206507073963.6,-173653977570460.0,-591206507073963.6
1,INTERMEDIATE,2,arcus_gpu.p,0.6129342639661327,1,2048,fluxbypass_aqua,/baldig/chemistry/earth_system_science/,0.31006615680329536,/home/jott1/Projects/SHERPA_EX/.profile,25,hostname='(arcus-1|arcus-2|arcus-3|arcus-4|arcus-5|arcus-6|arcus-7|arcus-8|arcus-9|arcus-10)',419,496,428,264,97,159,377,323,0.1664882684354071,weak_loss,0.0001663646758609935,3,8,normal,3,10,arcus.q,-223440688.60319993,-63883512.02677881,-223440688.60319993
2,INTERMEDIATE,2,arcus_gpu.p,0.09027320453246357,0,2048,fluxbypass_aqua,/baldig/chemistry/earth_system_science/,0.35367844798622505,/home/jott1/Projects/SHERPA_EX/.profile,25,hostname='(arcus-1|arcus-2|arcus-3|arcus-4|arcus-5|arcus-6|arcus-7|arcus-8|arcus-9|arcus-10)',407,368,217,393,275,351,119,412,0.11162882653526957,weak_loss,0.00015800329494968594,3,8,normal,7,10,arcus.q,241.94978180267233,339.1184207992967,241.94978180267233
3,INTERMEDIATE,2,arcus_gpu.p,0.930557930959534,1,2048,fluxbypass_aqua,/baldig/chemistry/earth_system_science/,0.43923341652708575,/home/jott1/Projects/SHERPA_EX/.profile,25,hostname='(arcus-1|arcus-2|arcus-3|arcus-4|arcus-5|arcus-6|arcus-7|arcus-8|arcus-9|arcus-10)',83,112,396,219,145,451,154,410,0.19029949384002354,weak_loss,0.009597319289301427,3,8,normal,6,10,arcus.q,-4922266650900019.0,-1847149551962129.5,-4922266650900019.0
1,INTERMEDIATE,3,arcus_gpu.p,0.6129342639661327,1,2048,fluxbypass_aqua,/baldig/chemistry/earth_system_science/,0.31006615680329536,/home/jott1/Projects/SHERPA_EX/.profile,25,hostname='(arcus-1|arcus-2|arcus-3|arcus-4|arcus-5|arcus-6|arcus-7|arcus-8|arcus-9|arcus-10)',419,496,428,264,97,159,377,323,0.1664882684354071,weak_loss,0.0001663646758609935,3,8,normal,3,10,arcus.q,-1081149631.8177204,-316617793.03712296,-1081149631.8177204
2,INTERMEDIATE,3,arcus_gpu.p,0.09027320453246357,0,2048,fluxbypass_aqua,/baldig/chemistry/earth_system_science/,0.35367844798622505,/home/jott1/Projects/SHERPA_EX/.profile,25,hostname='(arcus-1|arcus-2|arcus-3|arcus-4|arcus-5|arcus-6|arcus-7|arcus-8|arcus-9|arcus-10)',407,368,217,393,275,351,119,412,0.11162882653526957,weak_loss,0.00015800329494968594,3,8,normal,7,10,arcus.q,250.77950155117304,311.1122691657132,250.77950155117304
1,INTERMEDIATE,4,arcus_gpu.p,0.6129342639661327,1,2048,fluxbypass_aqua,/baldig/chemistry/earth_system_science/,0.31006615680329536,/home/jott1/Projects/SHERPA_EX/.profile,25,hostname='(arcus-1|arcus-2|arcus-3|arcus-4|arcus-5|arcus-6|arcus-7|arcus-8|arcus-9|arcus-10)',419,496,428,264,97,159,377,323,0.1664882684354071,weak_loss,0.0001663646758609935,3,8,normal,3,10,arcus.q,-3283219924.7523203,-1029014557.6210363,-3283219924.7523203
3,INTERMEDIATE,3,arcus_gpu.p,0.930557930959534,1,2048,fluxbypass_aqua,/baldig/chemistry/earth_system_science/,0.43923341652708575,/home/jott1/Projects/SHERPA_EX/.profile,25,hostname='(arcus-1|arcus-2|arcus-3|arcus-4|arcus-5|arcus-6|arcus-7|arcus-8|arcus-9|arcus-10)',83,112,396,219,145,451,154,410,0.19029949384002354,weak_loss,0.009597319289301427,3,8,normal,6,10,arcus.q,-1.6040624666607996e+16,-8718778677171782.0,-1.6040624666607996e+16
2,INTERMEDIATE,4,arcus_gpu.p,0.09027320453246357,0,2048,fluxbypass_aqua,/baldig/chemistry/earth_system_science/,0.35367844798622505,/home/jott1/Projects/SHERPA_EX/.profile,25,hostname='(arcus-1|arcus-2|arcus-3|arcus-4|arcus-5|arcus-6|arcus-7|arcus-8|arcus-9|arcus-10)',407,368,217,393,275,351,119,412,0.11162882653526957,weak_loss,0.00015800329494968594,3,8,normal,7,10,arcus.q,202.51151561949112,294.58552708740115,202.51151561949112
1,INTERMEDIATE,5,arcus_gpu.p,0.6129342639661327,1,2048,fluxbypass_aqua,/baldig/chemistry/earth_system_science/,0.31006615680329536,/home/jott1/Projects/SHERPA_EX/.profile,25,hostname='(arcus-1|arcus-2|arcus-3|arcus-4|arcus-5|arcus-6|arcus-7|arcus-8|arcus-9|arcus-10)',419,496,428,264,97,159,377,323,0.1664882684354071,weak_loss,0.0001663646758609935,3,8,normal,3,10,arcus.q,-4982602421.160092,-2594714604.8074245,-4982602421.160092
3,INTERMEDIATE,4,arcus_gpu.p,0.930557930959534,1,2048,fluxbypass_aqua,/baldig/chemistry/earth_system_science/,0.43923341652708575,/home/jott1/Projects/SHERPA_EX/.profile,25,hostname='(arcus-1|arcus-2|arcus-3|arcus-4|arcus-5|arcus-6|arcus-7|arcus-8|arcus-9|arcus-10)',83,112,396,219,145,451,154,410,0.19029949384002354,weak_loss,0.009597319289301427,3,8,normal,6,10,arcus.q,-4.085365443051654e+16,-2.725326443437686e+16,-4.085365443051654e+16
2,INTERMEDIATE,5,arcus_gpu.p,0.09027320453246357,0,2048,fluxbypass_aqua,/baldig/chemistry/earth_system_science/,0.35367844798622505,/home/jott1/Projects/SHERPA_EX/.profile,25,hostname='(arcus-1|arcus-2|arcus-3|arcus-4|arcus-5|arcus-6|arcus-7|arcus-8|arcus-9|arcus-10)',407,368,217,393,275,351,119,412,0.11162882653526957,weak_loss,0.00015800329494968594,3,8,normal,7,10,arcus.q,230.50933778811498,282.7878313094078,230.50933778811498
1,INTERMEDIATE,6,arcus_gpu.p,0.6129342639661327,1,2048,fluxbypass_aqua,/baldig/chemistry/earth_system_science/,0.31006615680329536,/home/jott1/Projects/SHERPA_EX/.profile,25,hostname='(arcus-1|arcus-2|arcus-3|arcus-4|arcus-5|arcus-6|arcus-7|arcus-8|arcus-9|arcus-10)',419,496,428,264,97,159,377,323,0.1664882684354071,weak_loss,0.0001663646758609935,3,8,normal,3,10,arcus.q,-14013202222.57386,-5542823708.70843,-14013202222.57386
2,INTERMEDIATE,6,arcus_gpu.p,0.09027320453246357,0,2048,fluxbypass_aqua,/baldig/chemistry/earth_system_science/,0.35367844798622505,/home/jott1/Projects/SHERPA_EX/.profile,25,hostname='(arcus-1|arcus-2|arcus-3|arcus-4|arcus-5|arcus-6|arcus-7|arcus-8|arcus-9|arcus-10)',407,368,217,393,275,351,119,412,0.11162882653526957,weak_loss,0.00015800329494968594,3,8,normal,7,10,arcus.q,210.56251736933746,273.94655036815635,210.56251736933746
3,INTERMEDIATE,5,arcus_gpu.p,0.930557930959534,1,2048,fluxbypass_aqua,/baldig/chemistry/earth_system_science/,0.43923341652708575,/home/jott1/Projects/SHERPA_EX/.profile,25,hostname='(arcus-1|arcus-2|arcus-3|arcus-4|arcus-5|arcus-6|arcus-7|arcus-8|arcus-9|arcus-10)',83,112,396,219,145,451,154,410,0.19029949384002354,weak_loss,0.009597319289301427,3,8,normal,6,10,arcus.q,-9.292042723383763e+16,-6.693052993702689e+16,-9.292042723383763e+16
1,INTERMEDIATE,7,arcus_gpu.p,0.6129342639661327,1,2048,fluxbypass_aqua,/baldig/chemistry/earth_system_science/,0.31006615680329536,/home/jott1/Projects/SHERPA_EX/.profile,25,hostname='(arcus-1|arcus-2|arcus-3|arcus-4|arcus-5|arcus-6|arcus-7|arcus-8|arcus-9|arcus-10)',419,496,428,264,97,159,377,323,0.1664882684354071,weak_loss,0.0001663646758609935,3,8,normal,3,10,arcus.q,-24090249460.170147,-10551469238.29853,-24090249460.170147
2,INTERMEDIATE,7,arcus_gpu.p,0.09027320453246357,0,2048,fluxbypass_aqua,/baldig/chemistry/earth_system_science/,0.35367844798622505,/home/jott1/Projects/SHERPA_EX/.profile,25,hostname='(arcus-1|arcus-2|arcus-3|arcus-4|arcus-5|arcus-6|arcus-7|arcus-8|arcus-9|arcus-10)',407,368,217,393,275,351,119,412,0.11162882653526957,weak_loss,0.00015800329494968594,3,8,normal,7,10,arcus.q,235.29861052849452,267.24877849421756,235.29861052849452
3,INTERMEDIATE,6,arcus_gpu.p,0.930557930959534,1,2048,fluxbypass_aqua,/baldig/chemistry/earth_system_science/,0.43923341652708575,/home/jott1/Projects/SHERPA_EX/.profile,25,hostname='(arcus-1|arcus-2|arcus-3|arcus-4|arcus-5|arcus-6|arcus-7|arcus-8|arcus-9|arcus-10)',83,112,396,219,145,451,154,410,0.19029949384002354,weak_loss,0.009597319289301427,3,8,normal,6,10,arcus.q,-2.273621906682834e+17,-1.4005575957743291e+17,-2.273621906682834e+17
1,INTERMEDIATE,8,arcus_gpu.p,0.6129342639661327,1,2048,fluxbypass_aqua,/baldig/chemistry/earth_system_science/,0.31006615680329536,/home/jott1/Projects/SHERPA_EX/.profile,25,hostname='(arcus-1|arcus-2|arcus-3|arcus-4|arcus-5|arcus-6|arcus-7|arcus-8|arcus-9|arcus-10)',419,496,428,264,97,159,377,323,0.1664882684354071,weak_loss,0.0001663646758609935,3,8,normal,3,10,arcus.q,-31834064751.13689,-18424276685.56226,-31834064751.13689
2,INTERMEDIATE,8,arcus_gpu.p,0.09027320453246357,0,2048,fluxbypass_aqua,/baldig/chemistry/earth_system_science/,0.35367844798622505,/home/jott1/Projects/SHERPA_EX/.profile,25,hostname='(arcus-1|arcus-2|arcus-3|arcus-4|arcus-5|arcus-6|arcus-7|arcus-8|arcus-9|arcus-10)',407,368,217,393,275,351,119,412,0.11162882653526957,weak_loss,0.00015800329494968594,3,8,normal,7,10,arcus.q,213.47280265560283,262.04240559683416,213.47280265560283
3,INTERMEDIATE,7,arcus_gpu.p,0.930557930959534,1,2048,fluxbypass_aqua,/baldig/chemistry/earth_system_science/,0.43923341652708575,/home/jott1/Projects/SHERPA_EX/.profile,25,hostname='(arcus-1|arcus-2|arcus-3|arcus-4|arcus-5|arcus-6|arcus-7|arcus-8|arcus-9|arcus-10)',83,112,396,219,145,451,154,410,0.19029949384002354,weak_loss,0.009597319289301427,3,8,normal,6,10,arcus.q,-4.032646997112304e+17,-2.621374478588133e+17,-4.032646997112304e+17
1,INTERMEDIATE,9,arcus_gpu.p,0.6129342639661327,1,2048,fluxbypass_aqua,/baldig/chemistry/earth_system_science/,0.31006615680329536,/home/jott1/Projects/SHERPA_EX/.profile,25,hostname='(arcus-1|arcus-2|arcus-3|arcus-4|arcus-5|arcus-6|arcus-7|arcus-8|arcus-9|arcus-10)',419,496,428,264,97,159,377,323,0.1664882684354071,weak_loss,0.0001663646758609935,3,8,normal,3,10,arcus.q,-45355616005.809746,-30128200079.14617,-45355616005.809746
2,INTERMEDIATE,9,arcus_gpu.p,0.09027320453246357,0,2048,fluxbypass_aqua,/baldig/chemistry/earth_system_science/,0.35367844798622505,/home/jott1/Projects/SHERPA_EX/.profile,25,hostname='(arcus-1|arcus-2|arcus-3|arcus-4|arcus-5|arcus-6|arcus-7|arcus-8|arcus-9|arcus-10)',407,368,217,393,275,351,119,412,0.11162882653526957,weak_loss,0.00015800329494968594,3,8,normal,7,10,arcus.q,208.16867270639307,257.97584496075484,208.16867270639307
1,INTERMEDIATE,10,arcus_gpu.p,0.6129342639661327,1,2048,fluxbypass_aqua,/baldig/chemistry/earth_system_science/,0.31006615680329536,/home/jott1/Projects/SHERPA_EX/.profile,25,hostname='(arcus-1|arcus-2|arcus-3|arcus-4|arcus-5|arcus-6|arcus-7|arcus-8|arcus-9|arcus-10)',419,496,428,264,97,159,377,323,0.1664882684354071,weak_loss,0.0001663646758609935,3,8,normal,3,10,arcus.q,-77046795638.65738,-46746638753.75716,-77046795638.65738
1,COMPLETED,10,arcus_gpu.p,0.6129342639661327,1,2048,fluxbypass_aqua,/baldig/chemistry/earth_system_science/,0.31006615680329536,/home/jott1/Projects/SHERPA_EX/.profile,25,hostname='(arcus-1|arcus-2|arcus-3|arcus-4|arcus-5|arcus-6|arcus-7|arcus-8|arcus-9|arcus-10)',419,496,428,264,97,159,377,323,0.1664882684354071,weak_loss,0.0001663646758609935,3,8,normal,3,10,arcus.q,-77046795638.65738,-46746638753.75716,-77046795638.65738
3,INTERMEDIATE,8,arcus_gpu.p,0.930557930959534,1,2048,fluxbypass_aqua,/baldig/chemistry/earth_system_science/,0.43923341652708575,/home/jott1/Projects/SHERPA_EX/.profile,25,hostname='(arcus-1|arcus-2|arcus-3|arcus-4|arcus-5|arcus-6|arcus-7|arcus-8|arcus-9|arcus-10)',83,112,396,219,145,451,154,410,0.19029949384002354,weak_loss,0.009597319289301427,3,8,normal,6,10,arcus.q,-6.503897207210136e+17,-4.5190137458462355e+17,-6.503897207210136e+17
2,INTERMEDIATE,10,arcus_gpu.p,0.09027320453246357,0,2048,fluxbypass_aqua,/baldig/chemistry/earth_system_science/,0.35367844798622505,/home/jott1/Projects/SHERPA_EX/.profile,25,hostname='(arcus-1|arcus-2|arcus-3|arcus-4|arcus-5|arcus-6|arcus-7|arcus-8|arcus-9|arcus-10)',407,368,217,393,275,351,119,412,0.11162882653526957,weak_loss,0.00015800329494968594,3,8,normal,7,10,arcus.q,236.32979688290376,254.34493129030272,236.32979688290376
4,INTERMEDIATE,0,arcus_gpu.p,0.14619194119294743,1,2048,fluxbypass_aqua,/baldig/chemistry/earth_system_science/,0.2296800196647104,/home/jott1/Projects/SHERPA_EX/.profile,25,hostname='(arcus-1|arcus-2|arcus-3|arcus-4|arcus-5|arcus-6|arcus-7|arcus-8|arcus-9|arcus-10)',309,81,487,296,485,471,486,307,0.39624564117103855,weak_loss,0.008122890919268528,3,8,normal,4,10,arcus.q,559.5225841045749,1684.8834762484735,559.5225841045749
3,INTERMEDIATE,9,arcus_gpu.p,0.930557930959534,1,2048,fluxbypass_aqua,/baldig/chemistry/earth_system_science/,0.43923341652708575,/home/jott1/Projects/SHERPA_EX/.profile,25,hostname='(arcus-1|arcus-2|arcus-3|arcus-4|arcus-5|arcus-6|arcus-7|arcus-8|arcus-9|arcus-10)',83,112,396,219,145,451,154,410,0.19029949384002354,weak_loss,0.009597319289301427,3,8,normal,6,10,arcus.q,-8.685881838875788e+17,-7.3105123975308e+17,-8.685881838875788e+17
2,INTERMEDIATE,11,arcus_gpu.p,0.09027320453246357,0,2048,fluxbypass_aqua,/baldig/chemistry/earth_system_science/,0.35367844798622505,/home/jott1/Projects/SHERPA_EX/.profile,25,hostname='(arcus-1|arcus-2|arcus-3|arcus-4|arcus-5|arcus-6|arcus-7|arcus-8|arcus-9|arcus-10)',407,368,217,393,275,351,119,412,0.11162882653526957,weak_loss,0.00015800329494968594,3,8,normal,7,10,arcus.q,181.92853197383954,251.39861791537697,181.92853197383954
4,INTERMEDIATE,1,arcus_gpu.p,0.14619194119294743,1,2048,fluxbypass_aqua,/baldig/chemistry/earth_system_science/,0.2296800196647104,/home/jott1/Projects/SHERPA_EX/.profile,25,hostname='(arcus-1|arcus-2|arcus-3|arcus-4|arcus-5|arcus-6|arcus-7|arcus-8|arcus-9|arcus-10)',309,81,487,296,485,471,486,307,0.39624564117103855,weak_loss,0.008122890919268528,3,8,normal,4,10,arcus.q,517.9508654903462,1248.441071055236,517.9508654903462
3,INTERMEDIATE,10,arcus_gpu.p,0.930557930959534,1,2048,fluxbypass_aqua,/baldig/chemistry/earth_system_science/,0.43923341652708575,/home/jott1/Projects/SHERPA_EX/.profile,25,hostname='(arcus-1|arcus-2|arcus-3|arcus-4|arcus-5|arcus-6|arcus-7|arcus-8|arcus-9|arcus-10)',83,112,396,219,145,451,154,410,0.19029949384002354,weak_loss,0.009597319289301427,3,8,normal,6,10,arcus.q,-1.4827084004644977e+18,-1.1243749243079035e+18,-1.4827084004644977e+18
3,COMPLETED,10,arcus_gpu.p,0.930557930959534,1,2048,fluxbypass_aqua,/baldig/chemistry/earth_system_science/,0.43923341652708575,/home/jott1/Projects/SHERPA_EX/.profile,25,hostname='(arcus-1|arcus-2|arcus-3|arcus-4|arcus-5|arcus-6|arcus-7|arcus-8|arcus-9|arcus-10)',83,112,396,219,145,451,154,410,0.19029949384002354,weak_loss,0.009597319289301427,3,8,normal,6,10,arcus.q,-1.4827084004644977e+18,-1.1243749243079035e+18,-1.4827084004644977e+18
2,INTERMEDIATE,12,arcus_gpu.p,0.09027320453246357,0,2048,fluxbypass_aqua,/baldig/chemistry/earth_system_science/,0.35367844798622505,/home/jott1/Projects/SHERPA_EX/.profile,25,hostname='(arcus-1|arcus-2|arcus-3|arcus-4|arcus-5|arcus-6|arcus-7|arcus-8|arcus-9|arcus-10)',407,368,217,393,275,351,119,412,0.11162882653526957,weak_loss,0.00015800329494968594,3,8,normal,7,10,arcus.q,191.37136985530987,249.09442546564944,191.37136985530987
4,INTERMEDIATE,2,arcus_gpu.p,0.14619194119294743,1,2048,fluxbypass_aqua,/baldig/chemistry/earth_system_science/,0.2296800196647104,/home/jott1/Projects/SHERPA_EX/.profile,25,hostname='(arcus-1|arcus-2|arcus-3|arcus-4|arcus-5|arcus-6|arcus-7|arcus-8|arcus-9|arcus-10)',309,81,487,296,485,471,486,307,0.39624564117103855,weak_loss,0.008122890919268528,3,8,normal,4,10,arcus.q,484.059809235575,1141.0095796267929,484.059809235575
5,INTERMEDIATE,0,arcus_gpu.p,0.3710672311873737,1,2048,fluxbypass_aqua,/baldig/chemistry/earth_system_science/,0.3784492872499793,/home/jott1/Projects/SHERPA_EX/.profile,25,hostname='(arcus-1|arcus-2|arcus-3|arcus-4|arcus-5|arcus-6|arcus-7|arcus-8|arcus-9|arcus-10)',105,385,50,234,267,313,153,358,0.044663030008171734,weak_loss,0.0022797824063850104,3,8,normal,2,10,arcus.q,-1266024557.927301,-140875981.13074166,-1266024557.927301
2,INTERMEDIATE,13,arcus_gpu.p,0.09027320453246357,0,2048,fluxbypass_aqua,/baldig/chemistry/earth_system_science/,0.35367844798622505,/home/jott1/Projects/SHERPA_EX/.profile,25,hostname='(arcus-1|arcus-2|arcus-3|arcus-4|arcus-5|arcus-6|arcus-7|arcus-8|arcus-9|arcus-10)',407,368,217,393,275,351,119,412,0.11162882653526957,weak_loss,0.00015800329494968594,3,8,normal,7,10,arcus.q,175.59174529508576,246.83882969143033,175.59174529508576
4,INTERMEDIATE,3,arcus_gpu.p,0.14619194119294743,1,2048,fluxbypass_aqua,/baldig/chemistry/earth_system_science/,0.2296800196647104,/home/jott1/Projects/SHERPA_EX/.profile,25,hostname='(arcus-1|arcus-2|arcus-3|arcus-4|arcus-5|arcus-6|arcus-7|arcus-8|arcus-9|arcus-10)',309,81,487,296,485,471,486,307,0.39624564117103855,weak_loss,0.008122890919268528,3,8,normal,4,10,arcus.q,441.3355358592872,1090.7976058036527,441.3355358592872
2,INTERMEDIATE,14,arcus_gpu.p,0.09027320453246357,0,2048,fluxbypass_aqua,/baldig/chemistry/earth_system_science/,0.35367844798622505,/home/jott1/Projects/SHERPA_EX/.profile,25,hostname='(arcus-1|arcus-2|arcus-3|arcus-4|arcus-5|arcus-6|arcus-7|arcus-8|arcus-9|arcus-10)',407,368,217,393,275,351,119,412,0.11162882653526957,weak_loss,0.00015800329494968594,3,8,normal,7,10,arcus.q,187.48358338873052,244.94242145825243,187.48358338873052
5,INTERMEDIATE,1,arcus_gpu.p,0.3710672311873737,1,2048,fluxbypass_aqua,/baldig/chemistry/earth_system_science/,0.3784492872499793,/home/jott1/Projects/SHERPA_EX/.profile,25,hostname='(arcus-1|arcus-2|arcus-3|arcus-4|arcus-5|arcus-6|arcus-7|arcus-8|arcus-9|arcus-10)',105,385,50,234,267,313,153,358,0.044663030008171734,weak_loss,0.0022797824063850104,3,8,normal,2,10,arcus.q,-182337230032.6806,-51356480264.85383,-182337230032.6806
4,INTERMEDIATE,4,arcus_gpu.p,0.14619194119294743,1,2048,fluxbypass_aqua,/baldig/chemistry/earth_system_science/,0.2296800196647104,/home/jott1/Projects/SHERPA_EX/.profile,25,hostname='(arcus-1|arcus-2|arcus-3|arcus-4|arcus-5|arcus-6|arcus-7|arcus-8|arcus-9|arcus-10)',309,81,487,296,485,471,486,307,0.39624564117103855,weak_loss,0.008122890919268528,3,8,normal,4,10,arcus.q,535.9786035160823,1062.0276178506024,535.9786035160823
4,INTERMEDIATE,5,arcus_gpu.p,0.14619194119294743,1,2048,fluxbypass_aqua,/baldig/chemistry/earth_system_science/,0.2296800196647104,/home/jott1/Projects/SHERPA_EX/.profile,25,hostname='(arcus-1|arcus-2|arcus-3|arcus-4|arcus-5|arcus-6|arcus-7|arcus-8|arcus-9|arcus-10)',309,81,487,296,485,471,486,307,0.39624564117103855,weak_loss,0.008122890919268528,3,8,normal,4,10,arcus.q,466.50201313383155,1045.254958590886,466.50201313383155
5,INTERMEDIATE,2,arcus_gpu.p,0.3710672311873737,1,2048,fluxbypass_aqua,/baldig/chemistry/earth_system_science/,0.3784492872499793,/home/jott1/Projects/SHERPA_EX/.profile,25,hostname='(arcus-1|arcus-2|arcus-3|arcus-4|arcus-5|arcus-6|arcus-7|arcus-8|arcus-9|arcus-10)',105,385,50,234,267,313,153,358,0.044663030008171734,weak_loss,0.0022797824063850104,3,8,normal,2,10,arcus.q,-1809018637464.8477,-781828995305.6272,-1809018637464.8477
2,INTERMEDIATE,15,arcus_gpu.p,0.09027320453246357,0,2048,fluxbypass_aqua,/baldig/chemistry/earth_system_science/,0.35367844798622505,/home/jott1/Projects/SHERPA_EX/.profile,25,hostname='(arcus-1|arcus-2|arcus-3|arcus-4|arcus-5|arcus-6|arcus-7|arcus-8|arcus-9|arcus-10)',407,368,217,393,275,351,119,412,0.11162882653526957,weak_loss,0.00015800329494968594,3,8,normal,7,10,arcus.q,183.48562006690386,243.19318889631197,183.48562006690386
4,INTERMEDIATE,6,arcus_gpu.p,0.14619194119294743,1,2048,fluxbypass_aqua,/baldig/chemistry/earth_system_science/,0.2296800196647104,/home/jott1/Projects/SHERPA_EX/.profile,25,hostname='(arcus-1|arcus-2|arcus-3|arcus-4|arcus-5|arcus-6|arcus-7|arcus-8|arcus-9|arcus-10)',309,81,487,296,485,471,486,307,0.39624564117103855,weak_loss,0.008122890919268528,3,8,normal,4,10,arcus.q,374.06971570344643,1030.8543948684658,374.06971570344643
5,INTERMEDIATE,3,arcus_gpu.p,0.3710672311873737,1,2048,fluxbypass_aqua,/baldig/chemistry/earth_system_science/,0.3784492872499793,/home/jott1/Projects/SHERPA_EX/.profile,25,hostname='(arcus-1|arcus-2|arcus-3|arcus-4|arcus-5|arcus-6|arcus-7|arcus-8|arcus-9|arcus-10)',105,385,50,234,267,313,153,358,0.044663030008171734,weak_loss,0.0022797824063850104,3,8,normal,2,10,arcus.q,-7621718382074.061,-4529789505133.686,-7621718382074.061
2,INTERMEDIATE,16,arcus_gpu.p,0.09027320453246357,0,2048,fluxbypass_aqua,/baldig/chemistry/earth_system_science/,0.35367844798622505,/home/jott1/Projects/SHERPA_EX/.profile,25,hostname='(arcus-1|arcus-2|arcus-3|arcus-4|arcus-5|arcus-6|arcus-7|arcus-8|arcus-9|arcus-10)',407,368,217,393,275,351,119,412,0.11162882653526957,weak_loss,0.00015800329494968594,3,8,normal,7,10,arcus.q,191.01475741442837,241.55109308877843,191.01475741442837
4,INTERMEDIATE,7,arcus_gpu.p,0.14619194119294743,1,2048,fluxbypass_aqua,/baldig/chemistry/earth_system_science/,0.2296800196647104,/home/jott1/Projects/SHERPA_EX/.profile,25,hostname='(arcus-1|arcus-2|arcus-3|arcus-4|arcus-5|arcus-6|arcus-7|arcus-8|arcus-9|arcus-10)',309,81,487,296,485,471,486,307,0.39624564117103855,weak_loss,0.008122890919268528,3,8,normal,4,10,arcus.q,420.94831065548914,1021.4167964003018,420.94831065548914
5,INTERMEDIATE,4,arcus_gpu.p,0.3710672311873737,1,2048,fluxbypass_aqua,/baldig/chemistry/earth_system_science/,0.3784492872499793,/home/jott1/Projects/SHERPA_EX/.profile,25,hostname='(arcus-1|arcus-2|arcus-3|arcus-4|arcus-5|arcus-6|arcus-7|arcus-8|arcus-9|arcus-10)',105,385,50,234,267,313,153,358,0.044663030008171734,weak_loss,0.0022797824063850104,3,8,normal,2,10,arcus.q,-22281162099909.195,-15094088427429.717,-22281162099909.195
2,INTERMEDIATE,17,arcus_gpu.p,0.09027320453246357,0,2048,fluxbypass_aqua,/baldig/chemistry/earth_system_science/,0.35367844798622505,/home/jott1/Projects/SHERPA_EX/.profile,25,hostname='(arcus-1|arcus-2|arcus-3|arcus-4|arcus-5|arcus-6|arcus-7|arcus-8|arcus-9|arcus-10)',407,368,217,393,275,351,119,412,0.11162882653526957,weak_loss,0.00015800329494968594,3,8,normal,7,10,arcus.q,200.2047353836334,239.98818468217783,200.2047353836334
4,INTERMEDIATE,8,arcus_gpu.p,0.14619194119294743,1,2048,fluxbypass_aqua,/baldig/chemistry/earth_system_science/,0.2296800196647104,/home/jott1/Projects/SHERPA_EX/.profile,25,hostname='(arcus-1|arcus-2|arcus-3|arcus-4|arcus-5|arcus-6|arcus-7|arcus-8|arcus-9|arcus-10)',309,81,487,296,485,471,486,307,0.39624564117103855,weak_loss,0.008122890919268528,3,8,normal,4,10,arcus.q,285.65780343994646,1010.6628865399106,285.65780343994646
5,INTERMEDIATE,5,arcus_gpu.p,0.3710672311873737,1,2048,fluxbypass_aqua,/baldig/chemistry/earth_system_science/,0.3784492872499793,/home/jott1/Projects/SHERPA_EX/.profile,25,hostname='(arcus-1|arcus-2|arcus-3|arcus-4|arcus-5|arcus-6|arcus-7|arcus-8|arcus-9|arcus-10)',105,385,50,234,267,313,153,358,0.044663030008171734,weak_loss,0.0022797824063850104,3,8,normal,2,10,arcus.q,-51668143178640.336,-37379112905259.95,-51668143178640.336
4,INTERMEDIATE,9,arcus_gpu.p,0.14619194119294743,1,2048,fluxbypass_aqua,/baldig/chemistry/earth_system_science/,0.2296800196647104,/home/jott1/Projects/SHERPA_EX/.profile,25,hostname='(arcus-1|arcus-2|arcus-3|arcus-4|arcus-5|arcus-6|arcus-7|arcus-8|arcus-9|arcus-10)',309,81,487,296,485,471,486,307,0.39624564117103855,weak_loss,0.008122890919268528,3,8,normal,4,10,arcus.q,355.16324342504913,1005.113485047915,355.16324342504913
2,INTERMEDIATE,18,arcus_gpu.p,0.09027320453246357,0,2048,fluxbypass_aqua,/baldig/chemistry/earth_system_science/,0.35367844798622505,/home/jott1/Projects/SHERPA_EX/.profile,25,hostname='(arcus-1|arcus-2|arcus-3|arcus-4|arcus-5|arcus-6|arcus-7|arcus-8|arcus-9|arcus-10)',407,368,217,393,275,351,119,412,0.11162882653526957,weak_loss,0.00015800329494968594,3,8,normal,7,10,arcus.q,173.36818386571682,238.64607315236805,173.36818386571682
4,INTERMEDIATE,10,arcus_gpu.p,0.14619194119294743,1,2048,fluxbypass_aqua,/baldig/chemistry/earth_system_science/,0.2296800196647104,/home/jott1/Projects/SHERPA_EX/.profile,25,hostname='(arcus-1|arcus-2|arcus-3|arcus-4|arcus-5|arcus-6|arcus-7|arcus-8|arcus-9|arcus-10)',309,81,487,296,485,471,486,307,0.39624564117103855,weak_loss,0.008122890919268528,3,8,normal,4,10,arcus.q,426.55244632774054,1000.8094346222726,426.55244632774054
5,INTERMEDIATE,6,arcus_gpu.p,0.3710672311873737,1,2048,fluxbypass_aqua,/baldig/chemistry/earth_system_science/,0.3784492872499793,/home/jott1/Projects/SHERPA_EX/.profile,25,hostname='(arcus-1|arcus-2|arcus-3|arcus-4|arcus-5|arcus-6|arcus-7|arcus-8|arcus-9|arcus-10)',105,385,50,234,267,313,153,358,0.044663030008171734,weak_loss,0.0022797824063850104,3,8,normal,2,10,arcus.q,-98896613035775.4,-77620866610992.5,-98896613035775.4
2,INTERMEDIATE,19,arcus_gpu.p,0.09027320453246357,0,2048,fluxbypass_aqua,/baldig/chemistry/earth_system_science/,0.35367844798622505,/home/jott1/Projects/SHERPA_EX/.profile,25,hostname='(arcus-1|arcus-2|arcus-3|arcus-4|arcus-5|arcus-6|arcus-7|arcus-8|arcus-9|arcus-10)',407,368,217,393,275,351,119,412,0.11162882653526957,weak_loss,0.00015800329494968594,3,8,normal,7,10,arcus.q,192.33878325447958,237.39017742249916,192.33878325447958
4,INTERMEDIATE,11,arcus_gpu.p,0.14619194119294743,1,2048,fluxbypass_aqua,/baldig/chemistry/earth_system_science/,0.2296800196647104,/home/jott1/Projects/SHERPA_EX/.profile,25,hostname='(arcus-1|arcus-2|arcus-3|arcus-4|arcus-5|arcus-6|arcus-7|arcus-8|arcus-9|arcus-10)',309,81,487,296,485,471,486,307,0.39624564117103855,weak_loss,0.008122890919268528,3,8,normal,4,10,arcus.q,491.33421208004756,997.0739934003731,491.33421208004756
5,INTERMEDIATE,7,arcus_gpu.p,0.3710672311873737,1,2048,fluxbypass_aqua,/baldig/chemistry/earth_system_science/,0.3784492872499793,/home/jott1/Projects/SHERPA_EX/.profile,25,hostname='(arcus-1|arcus-2|arcus-3|arcus-4|arcus-5|arcus-6|arcus-7|arcus-8|arcus-9|arcus-10)',105,385,50,234,267,313,153,358,0.044663030008171734,weak_loss,0.0022797824063850104,3,8,normal,2,10,arcus.q,-172486395266874.0,-143461369032656.47,-172486395266874.0
2,INTERMEDIATE,20,arcus_gpu.p,0.09027320453246357,0,2048,fluxbypass_aqua,/baldig/chemistry/earth_system_science/,0.35367844798622505,/home/jott1/Projects/SHERPA_EX/.profile,25,hostname='(arcus-1|arcus-2|arcus-3|arcus-4|arcus-5|arcus-6|arcus-7|arcus-8|arcus-9|arcus-10)',407,368,217,393,275,351,119,412,0.11162882653526957,weak_loss,0.00015800329494968594,3,8,normal,7,10,arcus.q,188.21206237425292,236.23294821545215,188.21206237425292
4,INTERMEDIATE,12,arcus_gpu.p,0.14619194119294743,1,2048,fluxbypass_aqua,/baldig/chemistry/earth_system_science/,0.2296800196647104,/home/jott1/Projects/SHERPA_EX/.profile,25,hostname='(arcus-1|arcus-2|arcus-3|arcus-4|arcus-5|arcus-6|arcus-7|arcus-8|arcus-9|arcus-10)',309,81,487,296,485,471,486,307,0.39624564117103855,weak_loss,0.008122890919268528,3,8,normal,4,10,arcus.q,479.0724400061558,992.705486973219,479.0724400061558
5,INTERMEDIATE,8,arcus_gpu.p,0.3710672311873737,1,2048,fluxbypass_aqua,/baldig/chemistry/earth_system_science/,0.3784492872499793,/home/jott1/Projects/SHERPA_EX/.profile,25,hostname='(arcus-1|arcus-2|arcus-3|arcus-4|arcus-5|arcus-6|arcus-7|arcus-8|arcus-9|arcus-10)',105,385,50,234,267,313,153,358,0.044663030008171734,weak_loss,0.0022797824063850104,3,8,normal,2,10,arcus.q,-287479560592121.9,-243739988053734.06,-287479560592121.9
4,INTERMEDIATE,13,arcus_gpu.p,0.14619194119294743,1,2048,fluxbypass_aqua,/baldig/chemistry/earth_system_science/,0.2296800196647104,/home/jott1/Projects/SHERPA_EX/.profile,25,hostname='(arcus-1|arcus-2|arcus-3|arcus-4|arcus-5|arcus-6|arcus-7|arcus-8|arcus-9|arcus-10)',309,81,487,296,485,471,486,307,0.39624564117103855,weak_loss,0.008122890919268528,3,8,normal,4,10,arcus.q,494.105687469267,989.2325404049902,494.105687469267
5,INTERMEDIATE,9,arcus_gpu.p,0.3710672311873737,1,2048,fluxbypass_aqua,/baldig/chemistry/earth_system_science/,0.3784492872499793,/home/jott1/Projects/SHERPA_EX/.profile,25,hostname='(arcus-1|arcus-2|arcus-3|arcus-4|arcus-5|arcus-6|arcus-7|arcus-8|arcus-9|arcus-10)',105,385,50,234,267,313,153,358,0.044663030008171734,weak_loss,0.0022797824063850104,3,8,normal,2,10,arcus.q,-451677860119909.2,-388655577766485.1,-451677860119909.2
2,INTERMEDIATE,21,arcus_gpu.p,0.09027320453246357,0,2048,fluxbypass_aqua,/baldig/chemistry/earth_system_science/,0.35367844798622505,/home/jott1/Projects/SHERPA_EX/.profile,25,hostname='(arcus-1|arcus-2|arcus-3|arcus-4|arcus-5|arcus-6|arcus-7|arcus-8|arcus-9|arcus-10)',407,368,217,393,275,351,119,412,0.11162882653526957,weak_loss,0.00015800329494968594,3,8,normal,7,10,arcus.q,180.8756953404103,235.17102893082927,180.8756953404103
4,INTERMEDIATE,14,arcus_gpu.p,0.14619194119294743,1,2048,fluxbypass_aqua,/baldig/chemistry/earth_system_science/,0.2296800196647104,/home/jott1/Projects/SHERPA_EX/.profile,25,hostname='(arcus-1|arcus-2|arcus-3|arcus-4|arcus-5|arcus-6|arcus-7|arcus-8|arcus-9|arcus-10)',309,81,487,296,485,471,486,307,0.39624564117103855,weak_loss,0.008122890919268528,3,8,normal,4,10,arcus.q,382.5674064648031,985.4680172993246,382.5674064648031
5,INTERMEDIATE,10,arcus_gpu.p,0.3710672311873737,1,2048,fluxbypass_aqua,/baldig/chemistry/earth_system_science/,0.3784492872499793,/home/jott1/Projects/SHERPA_EX/.profile,25,hostname='(arcus-1|arcus-2|arcus-3|arcus-4|arcus-5|arcus-6|arcus-7|arcus-8|arcus-9|arcus-10)',105,385,50,234,267,313,153,358,0.044663030008171734,weak_loss,0.0022797824063850104,3,8,normal,2,10,arcus.q,-662571352963966.9,-589559894089164.1,-662571352963966.9
5,COMPLETED,10,arcus_gpu.p,0.3710672311873737,1,2048,fluxbypass_aqua,/baldig/chemistry/earth_system_science/,0.3784492872499793,/home/jott1/Projects/SHERPA_EX/.profile,25,hostname='(arcus-1|arcus-2|arcus-3|arcus-4|arcus-5|arcus-6|arcus-7|arcus-8|arcus-9|arcus-10)',105,385,50,234,267,313,153,358,0.044663030008171734,weak_loss,0.0022797824063850104,3,8,normal,2,10,arcus.q,-662571352963966.9,-589559894089164.1,-662571352963966.9
2,INTERMEDIATE,22,arcus_gpu.p,0.09027320453246357,0,2048,fluxbypass_aqua,/baldig/chemistry/earth_system_science/,0.35367844798622505,/home/jott1/Projects/SHERPA_EX/.profile,25,hostname='(arcus-1|arcus-2|arcus-3|arcus-4|arcus-5|arcus-6|arcus-7|arcus-8|arcus-9|arcus-10)',407,368,217,393,275,351,119,412,0.11162882653526957,weak_loss,0.00015800329494968594,3,8,normal,7,10,arcus.q,179.32932769929542,234.06786385379093,179.32932769929542
4,INTERMEDIATE,15,arcus_gpu.p,0.14619194119294743,1,2048,fluxbypass_aqua,/baldig/chemistry/earth_system_science/,0.2296800196647104,/home/jott1/Projects/SHERPA_EX/.profile,25,hostname='(arcus-1|arcus-2|arcus-3|arcus-4|arcus-5|arcus-6|arcus-7|arcus-8|arcus-9|arcus-10)',309,81,487,296,485,471,486,307,0.39624564117103855,weak_loss,0.008122890919268528,3,8,normal,4,10,arcus.q,426.0022564502253,984.2960343814505,426.0022564502253
4,INTERMEDIATE,16,arcus_gpu.p,0.14619194119294743,1,2048,fluxbypass_aqua,/baldig/chemistry/earth_system_science/,0.2296800196647104,/home/jott1/Projects/SHERPA_EX/.profile,25,hostname='(arcus-1|arcus-2|arcus-3|arcus-4|arcus-5|arcus-6|arcus-7|arcus-8|arcus-9|arcus-10)',309,81,487,296,485,471,486,307,0.39624564117103855,weak_loss,0.008122890919268528,3,8,normal,4,10,arcus.q,392.31327155718765,982.6124876683199,392.31327155718765
4,COMPLETED,16,arcus_gpu.p,0.14619194119294743,1,2048,fluxbypass_aqua,/baldig/chemistry/earth_system_science/,0.2296800196647104,/home/jott1/Projects/SHERPA_EX/.profile,25,hostname='(arcus-1|arcus-2|arcus-3|arcus-4|arcus-5|arcus-6|arcus-7|arcus-8|arcus-9|arcus-10)',309,81,487,296,485,471,486,307,0.39624564117103855,weak_loss,0.008122890919268528,3,8,normal,4,10,arcus.q,285.65780343994646,1010.6628865399106,285.65780343994646
2,INTERMEDIATE,23,arcus_gpu.p,0.09027320453246357,0,2048,fluxbypass_aqua,/baldig/chemistry/earth_system_science/,0.35367844798622505,/home/jott1/Projects/SHERPA_EX/.profile,25,hostname='(arcus-1|arcus-2|arcus-3|arcus-4|arcus-5|arcus-6|arcus-7|arcus-8|arcus-9|arcus-10)',407,368,217,393,275,351,119,412,0.11162882653526957,weak_loss,0.00015800329494968594,3,8,normal,7,10,arcus.q,219.20431715033354,233.0558189029207,219.20431715033354
6,INTERMEDIATE,0,arcus_gpu.p,0.38224597502617574,0,2048,fluxbypass_aqua,/baldig/chemistry/earth_system_science/,0.0682138685799597,/home/jott1/Projects/SHERPA_EX/.profile,25,hostname='(arcus-1|arcus-2|arcus-3|arcus-4|arcus-5|arcus-6|arcus-7|arcus-8|arcus-9|arcus-10)',33,258,230,443,112,143,284,114,0.22671326126445496,weak_loss,0.0010286088481977857,3,8,normal,7,10,arcus.q,-3.1586757347166235e+24,-1.341902395590052e+24,-3.1586757347166235e+24
2,INTERMEDIATE,24,arcus_gpu.p,0.09027320453246357,0,2048,fluxbypass_aqua,/baldig/chemistry/earth_system_science/,0.35367844798622505,/home/jott1/Projects/SHERPA_EX/.profile,25,hostname='(arcus-1|arcus-2|arcus-3|arcus-4|arcus-5|arcus-6|arcus-7|arcus-8|arcus-9|arcus-10)',407,368,217,393,275,351,119,412,0.11162882653526957,weak_loss,0.00015800329494968594,3,8,normal,7,10,arcus.q,203.02660478129465,232.16485911566255,203.02660478129465
2,COMPLETED,24,arcus_gpu.p,0.09027320453246357,0,2048,fluxbypass_aqua,/baldig/chemistry/earth_system_science/,0.35367844798622505,/home/jott1/Projects/SHERPA_EX/.profile,25,hostname='(arcus-1|arcus-2|arcus-3|arcus-4|arcus-5|arcus-6|arcus-7|arcus-8|arcus-9|arcus-10)',407,368,217,393,275,351,119,412,0.11162882653526957,weak_loss,0.00015800329494968594,3,8,normal,7,10,arcus.q,173.36818386571682,238.64607315236805,173.36818386571682
6,INTERMEDIATE,1,arcus_gpu.p,0.38224597502617574,0,2048,fluxbypass_aqua,/baldig/chemistry/earth_system_science/,0.0682138685799597,/home/jott1/Projects/SHERPA_EX/.profile,25,hostname='(arcus-1|arcus-2|arcus-3|arcus-4|arcus-5|arcus-6|arcus-7|arcus-8|arcus-9|arcus-10)',33,258,230,443,112,143,284,114,0.22671326126445496,weak_loss,0.0010286088481977857,3,8,normal,7,10,arcus.q,-3.6781253689668574e+24,-3.610443213761313e+24,-3.6781253689668574e+24
7,INTERMEDIATE,0,arcus_gpu.p,0.9265650864089379,1,2048,fluxbypass_aqua,/baldig/chemistry/earth_system_science/,0.0483112795942543,/home/jott1/Projects/SHERPA_EX/.profile,25,hostname='(arcus-1|arcus-2|arcus-3|arcus-4|arcus-5|arcus-6|arcus-7|arcus-8|arcus-9|arcus-10)',187,482,136,310,387,82,169,127,0.36053690337385697,weak_loss,0.005292796559254372,3,8,normal,5,10,arcus.q,-17263508208956.783,-1035955980023.6547,-17263508208956.783
6,INTERMEDIATE,2,arcus_gpu.p,0.38224597502617574,0,2048,fluxbypass_aqua,/baldig/chemistry/earth_system_science/,0.0682138685799597,/home/jott1/Projects/SHERPA_EX/.profile,25,hostname='(arcus-1|arcus-2|arcus-3|arcus-4|arcus-5|arcus-6|arcus-7|arcus-8|arcus-9|arcus-10)',33,258,230,443,112,143,284,114,0.22671326126445496,weak_loss,0.0010286088481977857,3,8,normal,7,10,arcus.q,-3.706826236187565e+24,-3.705020537069678e+24,-3.706826236187565e+24
7,INTERMEDIATE,1,arcus_gpu.p,0.9265650864089379,1,2048,fluxbypass_aqua,/baldig/chemistry/earth_system_science/,0.0483112795942543,/home/jott1/Projects/SHERPA_EX/.profile,25,hostname='(arcus-1|arcus-2|arcus-3|arcus-4|arcus-5|arcus-6|arcus-7|arcus-8|arcus-9|arcus-10)',187,482,136,310,387,82,169,127,0.36053690337385697,weak_loss,0.005292796559254372,3,8,normal,5,10,arcus.q,-487352589306633.7,-79651931828480.6,-487352589306633.7
6,INTERMEDIATE,3,arcus_gpu.p,0.38224597502617574,0,2048,fluxbypass_aqua,/baldig/chemistry/earth_system_science/,0.0682138685799597,/home/jott1/Projects/SHERPA_EX/.profile,25,hostname='(arcus-1|arcus-2|arcus-3|arcus-4|arcus-5|arcus-6|arcus-7|arcus-8|arcus-9|arcus-10)',33,258,230,443,112,143,284,114,0.22671326126445496,weak_loss,0.0010286088481977857,3,8,normal,7,10,arcus.q,-3.7242956088319884e+24,-3.7336647853763395e+24,-3.7242956088319884e+24
6,INTERMEDIATE,4,arcus_gpu.p,0.38224597502617574,0,2048,fluxbypass_aqua,/baldig/chemistry/earth_system_science/,0.0682138685799597,/home/jott1/Projects/SHERPA_EX/.profile,25,hostname='(arcus-1|arcus-2|arcus-3|arcus-4|arcus-5|arcus-6|arcus-7|arcus-8|arcus-9|arcus-10)',33,258,230,443,112,143,284,114,0.22671326126445496,weak_loss,0.0010286088481977857,3,8,normal,7,10,arcus.q,-3.7424297303257055e+24,-3.7565219609850834e+24,-3.7424297303257055e+24
8,INTERMEDIATE,0,arcus_gpu.p,0.1523894398753567,0,2048,fluxbypass_aqua,/baldig/chemistry/earth_system_science/,0.1661488521742963,/home/jott1/Projects/SHERPA_EX/.profile,25,hostname='(arcus-1|arcus-2|arcus-3|arcus-4|arcus-5|arcus-6|arcus-7|arcus-8|arcus-9|arcus-10)',141,131,197,112,306,363,487,47,0.023225091219631955,weak_loss,0.00588005581445239,3,8,normal,3,10,arcus.q,565.3401610034432,986.6393010540702,565.3401610034432
7,INTERMEDIATE,2,arcus_gpu.p,0.9265650864089379,1,2048,fluxbypass_aqua,/baldig/chemistry/earth_system_science/,0.0483112795942543,/home/jott1/Projects/SHERPA_EX/.profile,25,hostname='(arcus-1|arcus-2|arcus-3|arcus-4|arcus-5|arcus-6|arcus-7|arcus-8|arcus-9|arcus-10)',187,482,136,310,387,82,169,127,0.36053690337385697,weak_loss,0.005292796559254372,3,8,normal,5,10,arcus.q,-3585294040413886.5,-738525028182255.1,-3585294040413886.5
6,INTERMEDIATE,5,arcus_gpu.p,0.38224597502617574,0,2048,fluxbypass_aqua,/baldig/chemistry/earth_system_science/,0.0682138685799597,/home/jott1/Projects/SHERPA_EX/.profile,25,hostname='(arcus-1|arcus-2|arcus-3|arcus-4|arcus-5|arcus-6|arcus-7|arcus-8|arcus-9|arcus-10)',33,258,230,443,112,143,284,114,0.22671326126445496,weak_loss,0.0010286088481977857,3,8,normal,7,10,arcus.q,-3.760088362726321e+24,-3.7786858609412624e+24,-3.760088362726321e+24
8,INTERMEDIATE,1,arcus_gpu.p,0.1523894398753567,0,2048,fluxbypass_aqua,/baldig/chemistry/earth_system_science/,0.1661488521742963,/home/jott1/Projects/SHERPA_EX/.profile,25,hostname='(arcus-1|arcus-2|arcus-3|arcus-4|arcus-5|arcus-6|arcus-7|arcus-8|arcus-9|arcus-10)',141,131,197,112,306,363,487,47,0.023225091219631955,weak_loss,0.00588005581445239,3,8,normal,3,10,arcus.q,656.9730725214635,524.4867723974625,656.9730725214635
7,INTERMEDIATE,3,arcus_gpu.p,0.9265650864089379,1,2048,fluxbypass_aqua,/baldig/chemistry/earth_system_science/,0.0483112795942543,/home/jott1/Projects/SHERPA_EX/.profile,25,hostname='(arcus-1|arcus-2|arcus-3|arcus-4|arcus-5|arcus-6|arcus-7|arcus-8|arcus-9|arcus-10)',187,482,136,310,387,82,169,127,0.36053690337385697,weak_loss,0.005292796559254372,3,8,normal,5,10,arcus.q,-8542672610004038.0,-3184739843162783.5,-8542672610004038.0
6,INTERMEDIATE,6,arcus_gpu.p,0.38224597502617574,0,2048,fluxbypass_aqua,/baldig/chemistry/earth_system_science/,0.0682138685799597,/home/jott1/Projects/SHERPA_EX/.profile,25,hostname='(arcus-1|arcus-2|arcus-3|arcus-4|arcus-5|arcus-6|arcus-7|arcus-8|arcus-9|arcus-10)',33,258,230,443,112,143,284,114,0.22671326126445496,weak_loss,0.0010286088481977857,3,8,normal,7,10,arcus.q,-3.7774035486753693e+24,-3.8004721540073687e+24,-3.7774035486753693e+24
8,INTERMEDIATE,2,arcus_gpu.p,0.1523894398753567,0,2048,fluxbypass_aqua,/baldig/chemistry/earth_system_science/,0.1661488521742963,/home/jott1/Projects/SHERPA_EX/.profile,25,hostname='(arcus-1|arcus-2|arcus-3|arcus-4|arcus-5|arcus-6|arcus-7|arcus-8|arcus-9|arcus-10)',141,131,197,112,306,363,487,47,0.023225091219631955,weak_loss,0.00588005581445239,3,8,normal,3,10,arcus.q,233.10427134662106,418.54399777897,233.10427134662106
7,INTERMEDIATE,4,arcus_gpu.p,0.9265650864089379,1,2048,fluxbypass_aqua,/baldig/chemistry/earth_system_science/,0.0483112795942543,/home/jott1/Projects/SHERPA_EX/.profile,25,hostname='(arcus-1|arcus-2|arcus-3|arcus-4|arcus-5|arcus-6|arcus-7|arcus-8|arcus-9|arcus-10)',187,482,136,310,387,82,169,127,0.36053690337385697,weak_loss,0.005292796559254372,3,8,normal,5,10,arcus.q,-1.9862296629223644e+16,-9401333629605662.0,-1.9862296629223644e+16
6,INTERMEDIATE,7,arcus_gpu.p,0.38224597502617574,0,2048,fluxbypass_aqua,/baldig/chemistry/earth_system_science/,0.0682138685799597,/home/jott1/Projects/SHERPA_EX/.profile,25,hostname='(arcus-1|arcus-2|arcus-3|arcus-4|arcus-5|arcus-6|arcus-7|arcus-8|arcus-9|arcus-10)',33,258,230,443,112,143,284,114,0.22671326126445496,weak_loss,0.0010286088481977857,3,8,normal,7,10,arcus.q,-3.794761207431511e+24,-3.8218811603434454e+24,-3.794761207431511e+24
6,INTERMEDIATE,8,arcus_gpu.p,0.38224597502617574,0,2048,fluxbypass_aqua,/baldig/chemistry/earth_system_science/,0.0682138685799597,/home/jott1/Projects/SHERPA_EX/.profile,25,hostname='(arcus-1|arcus-2|arcus-3|arcus-4|arcus-5|arcus-6|arcus-7|arcus-8|arcus-9|arcus-10)',33,258,230,443,112,143,284,114,0.22671326126445496,weak_loss,0.0010286088481977857,3,8,normal,7,10,arcus.q,-3.812157969229877e+24,-3.843683370865308e+24,-3.812157969229877e+24
8,INTERMEDIATE,3,arcus_gpu.p,0.1523894398753567,0,2048,fluxbypass_aqua,/baldig/chemistry/earth_system_science/,0.1661488521742963,/home/jott1/Projects/SHERPA_EX/.profile,25,hostname='(arcus-1|arcus-2|arcus-3|arcus-4|arcus-5|arcus-6|arcus-7|arcus-8|arcus-9|arcus-10)',141,131,197,112,306,363,487,47,0.023225091219631955,weak_loss,0.00588005581445239,3,8,normal,3,10,arcus.q,382.6788849812188,367.283870402179,382.6788849812188
7,INTERMEDIATE,5,arcus_gpu.p,0.9265650864089379,1,2048,fluxbypass_aqua,/baldig/chemistry/earth_system_science/,0.0483112795942543,/home/jott1/Projects/SHERPA_EX/.profile,25,hostname='(arcus-1|arcus-2|arcus-3|arcus-4|arcus-5|arcus-6|arcus-7|arcus-8|arcus-9|arcus-10)',187,482,136,310,387,82,169,127,0.36053690337385697,weak_loss,0.005292796559254372,3,8,normal,5,10,arcus.q,-5.800072281986341e+16,-2.2172250203225504e+16,-5.800072281986341e+16
6,INTERMEDIATE,9,arcus_gpu.p,0.38224597502617574,0,2048,fluxbypass_aqua,/baldig/chemistry/earth_system_science/,0.0682138685799597,/home/jott1/Projects/SHERPA_EX/.profile,25,hostname='(arcus-1|arcus-2|arcus-3|arcus-4|arcus-5|arcus-6|arcus-7|arcus-8|arcus-9|arcus-10)',33,258,230,443,112,143,284,114,0.22671326126445496,weak_loss,0.0010286088481977857,3,8,normal,7,10,arcus.q,-3.8295937799674067e+24,-3.8652335088669276e+24,-3.8295937799674067e+24
8,INTERMEDIATE,4,arcus_gpu.p,0.1523894398753567,0,2048,fluxbypass_aqua,/baldig/chemistry/earth_system_science/,0.1661488521742963,/home/jott1/Projects/SHERPA_EX/.profile,25,hostname='(arcus-1|arcus-2|arcus-3|arcus-4|arcus-5|arcus-6|arcus-7|arcus-8|arcus-9|arcus-10)',141,131,197,112,306,363,487,47,0.023225091219631955,weak_loss,0.00588005581445239,3,8,normal,3,10,arcus.q,195.6282310417615,342.3244254760565,195.6282310417615
7,INTERMEDIATE,6,arcus_gpu.p,0.9265650864089379,1,2048,fluxbypass_aqua,/baldig/chemistry/earth_system_science/,0.0483112795942543,/home/jott1/Projects/SHERPA_EX/.profile,25,hostname='(arcus-1|arcus-2|arcus-3|arcus-4|arcus-5|arcus-6|arcus-7|arcus-8|arcus-9|arcus-10)',187,482,136,310,387,82,169,127,0.36053690337385697,weak_loss,0.005292796559254372,3,8,normal,5,10,arcus.q,-8.056741237226891e+16,-4.51522041579103e+16,-8.056741237226891e+16
6,INTERMEDIATE,10,arcus_gpu.p,0.38224597502617574,0,2048,fluxbypass_aqua,/baldig/chemistry/earth_system_science/,0.0682138685799597,/home/jott1/Projects/SHERPA_EX/.profile,25,hostname='(arcus-1|arcus-2|arcus-3|arcus-4|arcus-5|arcus-6|arcus-7|arcus-8|arcus-9|arcus-10)',33,258,230,443,112,143,284,114,0.22671326126445496,weak_loss,0.0010286088481977857,3,8,normal,7,10,arcus.q,-3.8470780087846906e+24,-3.887035368934049e+24,-3.8470780087846906e+24
6,COMPLETED,10,arcus_gpu.p,0.38224597502617574,0,2048,fluxbypass_aqua,/baldig/chemistry/earth_system_science/,0.0682138685799597,/home/jott1/Projects/SHERPA_EX/.profile,25,hostname='(arcus-1|arcus-2|arcus-3|arcus-4|arcus-5|arcus-6|arcus-7|arcus-8|arcus-9|arcus-10)',33,258,230,443,112,143,284,114,0.22671326126445496,weak_loss,0.0010286088481977857,3,8,normal,7,10,arcus.q,-3.8470780087846906e+24,-3.887035368934049e+24,-3.8470780087846906e+24
8,INTERMEDIATE,5,arcus_gpu.p,0.1523894398753567,0,2048,fluxbypass_aqua,/baldig/chemistry/earth_system_science/,0.1661488521742963,/home/jott1/Projects/SHERPA_EX/.profile,25,hostname='(arcus-1|arcus-2|arcus-3|arcus-4|arcus-5|arcus-6|arcus-7|arcus-8|arcus-9|arcus-10)',141,131,197,112,306,363,487,47,0.023225091219631955,weak_loss,0.00588005581445239,3,8,normal,3,10,arcus.q,251.9315564287603,322.5921373466881,251.9315564287603
7,INTERMEDIATE,7,arcus_gpu.p,0.9265650864089379,1,2048,fluxbypass_aqua,/baldig/chemistry/earth_system_science/,0.0483112795942543,/home/jott1/Projects/SHERPA_EX/.profile,25,hostname='(arcus-1|arcus-2|arcus-3|arcus-4|arcus-5|arcus-6|arcus-7|arcus-8|arcus-9|arcus-10)',187,482,136,310,387,82,169,127,0.36053690337385697,weak_loss,0.005292796559254372,3,8,normal,5,10,arcus.q,-1.4937760637394458e+17,-8.290575334327962e+16,-1.4937760637394458e+17
9,INTERMEDIATE,0,arcus_gpu.p,0.4641378082198826,0,2048,fluxbypass_aqua,/baldig/chemistry/earth_system_science/,0.3982334960692828,/home/jott1/Projects/SHERPA_EX/.profile,25,hostname='(arcus-1|arcus-2|arcus-3|arcus-4|arcus-5|arcus-6|arcus-7|arcus-8|arcus-9|arcus-10)',239,239,65,351,267,300,197,216,0.06379673105024108,weak_loss,0.004107408727332206,3,8,normal,4,10,arcus.q,-1.0751993789953942e+25,-3.352173699334059e+24,-1.0751993789953942e+25
8,INTERMEDIATE,6,arcus_gpu.p,0.1523894398753567,0,2048,fluxbypass_aqua,/baldig/chemistry/earth_system_science/,0.1661488521742963,/home/jott1/Projects/SHERPA_EX/.profile,25,hostname='(arcus-1|arcus-2|arcus-3|arcus-4|arcus-5|arcus-6|arcus-7|arcus-8|arcus-9|arcus-10)',141,131,197,112,306,363,487,47,0.023225091219631955,weak_loss,0.00588005581445239,3,8,normal,3,10,arcus.q,496.13822345409113,308.24798436765974,496.13822345409113
7,INTERMEDIATE,8,arcus_gpu.p,0.9265650864089379,1,2048,fluxbypass_aqua,/baldig/chemistry/earth_system_science/,0.0483112795942543,/home/jott1/Projects/SHERPA_EX/.profile,25,hostname='(arcus-1|arcus-2|arcus-3|arcus-4|arcus-5|arcus-6|arcus-7|arcus-8|arcus-9|arcus-10)',187,482,136,310,387,82,169,127,0.36053690337385697,weak_loss,0.005292796559254372,3,8,normal,5,10,arcus.q,-1.5809230748295933e+17,-1.4084355439756557e+17,-1.5809230748295933e+17
8,INTERMEDIATE,7,arcus_gpu.p,0.1523894398753567,0,2048,fluxbypass_aqua,/baldig/chemistry/earth_system_science/,0.1661488521742963,/home/jott1/Projects/SHERPA_EX/.profile,25,hostname='(arcus-1|arcus-2|arcus-3|arcus-4|arcus-5|arcus-6|arcus-7|arcus-8|arcus-9|arcus-10)',141,131,197,112,306,363,487,47,0.023225091219631955,weak_loss,0.00588005581445239,3,8,normal,3,10,arcus.q,394.7571894040148,297.3194574830335,394.7571894040148
7,INTERMEDIATE,9,arcus_gpu.p,0.9265650864089379,1,2048,fluxbypass_aqua,/baldig/chemistry/earth_system_science/,0.0483112795942543,/home/jott1/Projects/SHERPA_EX/.profile,25,hostname='(arcus-1|arcus-2|arcus-3|arcus-4|arcus-5|arcus-6|arcus-7|arcus-8|arcus-9|arcus-10)',187,482,136,310,387,82,169,127,0.36053690337385697,weak_loss,0.005292796559254372,3,8,normal,5,10,arcus.q,-2.986348747585507e+17,-2.2514593831423904e+17,-2.986348747585507e+17
9,INTERMEDIATE,1,arcus_gpu.p,0.4641378082198826,0,2048,fluxbypass_aqua,/baldig/chemistry/earth_system_science/,0.3982334960692828,/home/jott1/Projects/SHERPA_EX/.profile,25,hostname='(arcus-1|arcus-2|arcus-3|arcus-4|arcus-5|arcus-6|arcus-7|arcus-8|arcus-9|arcus-10)',239,239,65,351,267,300,197,216,0.06379673105024108,weak_loss,0.004107408727332206,3,8,normal,4,10,arcus.q,-2.5333221569844347e+25,-1.938355893004801e+25,-2.5333221569844347e+25
8,INTERMEDIATE,8,arcus_gpu.p,0.1523894398753567,0,2048,fluxbypass_aqua,/baldig/chemistry/earth_system_science/,0.1661488521742963,/home/jott1/Projects/SHERPA_EX/.profile,25,hostname='(arcus-1|arcus-2|arcus-3|arcus-4|arcus-5|arcus-6|arcus-7|arcus-8|arcus-9|arcus-10)',141,131,197,112,306,363,487,47,0.023225091219631955,weak_loss,0.00588005581445239,3,8,normal,3,10,arcus.q,333.218691939452,288.9809136977052,333.218691939452
7,INTERMEDIATE,10,arcus_gpu.p,0.9265650864089379,1,2048,fluxbypass_aqua,/baldig/chemistry/earth_system_science/,0.0483112795942543,/home/jott1/Projects/SHERPA_EX/.profile,25,hostname='(arcus-1|arcus-2|arcus-3|arcus-4|arcus-5|arcus-6|arcus-7|arcus-8|arcus-9|arcus-10)',187,482,136,310,387,82,169,127,0.36053690337385697,weak_loss,0.005292796559254372,3,8,normal,5,10,arcus.q,-4.5630028422372595e+17,-3.4304216429401946e+17,-4.5630028422372595e+17
7,COMPLETED,10,arcus_gpu.p,0.9265650864089379,1,2048,fluxbypass_aqua,/baldig/chemistry/earth_system_science/,0.0483112795942543,/home/jott1/Projects/SHERPA_EX/.profile,25,hostname='(arcus-1|arcus-2|arcus-3|arcus-4|arcus-5|arcus-6|arcus-7|arcus-8|arcus-9|arcus-10)',187,482,136,310,387,82,169,127,0.36053690337385697,weak_loss,0.005292796559254372,3,8,normal,5,10,arcus.q,-4.5630028422372595e+17,-3.4304216429401946e+17,-4.5630028422372595e+17
8,INTERMEDIATE,9,arcus_gpu.p,0.1523894398753567,0,2048,fluxbypass_aqua,/baldig/chemistry/earth_system_science/,0.1661488521742963,/home/jott1/Projects/SHERPA_EX/.profile,25,hostname='(arcus-1|arcus-2|arcus-3|arcus-4|arcus-5|arcus-6|arcus-7|arcus-8|arcus-9|arcus-10)',141,131,197,112,306,363,487,47,0.023225091219631955,weak_loss,0.00588005581445239,3,8,normal,3,10,arcus.q,319.7459202712576,282.3818598062791,319.7459202712576
9,INTERMEDIATE,2,arcus_gpu.p,0.4641378082198826,0,2048,fluxbypass_aqua,/baldig/chemistry/earth_system_science/,0.3982334960692828,/home/jott1/Projects/SHERPA_EX/.profile,25,hostname='(arcus-1|arcus-2|arcus-3|arcus-4|arcus-5|arcus-6|arcus-7|arcus-8|arcus-9|arcus-10)',239,239,65,351,267,300,197,216,0.06379673105024108,weak_loss,0.004107408727332206,3,8,normal,4,10,arcus.q,-2.7705453862410933e+25,-2.7201819208054833e+25,-2.7705453862410933e+25
8,INTERMEDIATE,10,arcus_gpu.p,0.1523894398753567,0,2048,fluxbypass_aqua,/baldig/chemistry/earth_system_science/,0.1661488521742963,/home/jott1/Projects/SHERPA_EX/.profile,25,hostname='(arcus-1|arcus-2|arcus-3|arcus-4|arcus-5|arcus-6|arcus-7|arcus-8|arcus-9|arcus-10)',141,131,197,112,306,363,487,47,0.023225091219631955,weak_loss,0.00588005581445239,3,8,normal,3,10,arcus.q,253.9731175573132,279.6408934943545,253.9731175573132
10,INTERMEDIATE,0,arcus_gpu.p,0.9110011083400429,0,2048,fluxbypass_aqua,/baldig/chemistry/earth_system_science/,0.4409729524494049,/home/jott1/Projects/SHERPA_EX/.profile,25,hostname='(arcus-1|arcus-2|arcus-3|arcus-4|arcus-5|arcus-6|arcus-7|arcus-8|arcus-9|arcus-10)',269,504,131,75,109,232,303,173,0.11625423457757977,weak_loss,0.00662318404985104,3,8,normal,6,10,arcus.q,-7.367092730465532e+24,-2.0325438435577053e+24,-7.367092730465532e+24
10,INTERMEDIATE,1,arcus_gpu.p,0.9110011083400429,0,2048,fluxbypass_aqua,/baldig/chemistry/earth_system_science/,0.4409729524494049,/home/jott1/Projects/SHERPA_EX/.profile,25,hostname='(arcus-1|arcus-2|arcus-3|arcus-4|arcus-5|arcus-6|arcus-7|arcus-8|arcus-9|arcus-10)',269,504,131,75,109,232,303,173,0.11625423457757977,weak_loss,0.00662318404985104,3,8,normal,6,10,arcus.q,-8.739790168930904e+24,-8.723001285650439e+24,-8.739790168930904e+24
10,INTERMEDIATE,2,arcus_gpu.p,0.9110011083400429,0,2048,fluxbypass_aqua,/baldig/chemistry/earth_system_science/,0.4409729524494049,/home/jott1/Projects/SHERPA_EX/.profile,25,hostname='(arcus-1|arcus-2|arcus-3|arcus-4|arcus-5|arcus-6|arcus-7|arcus-8|arcus-9|arcus-10)',269,504,131,75,109,232,303,173,0.11625423457757977,weak_loss,0.00662318404985104,3,8,normal,6,10,arcus.q,-8.855833749395489e+24,-9.066756418356357e+24,-8.855833749395489e+24
8,INTERMEDIATE,11,arcus_gpu.p,0.1523894398753567,0,2048,fluxbypass_aqua,/baldig/chemistry/earth_system_science/,0.1661488521742963,/home/jott1/Projects/SHERPA_EX/.profile,25,hostname='(arcus-1|arcus-2|arcus-3|arcus-4|arcus-5|arcus-6|arcus-7|arcus-8|arcus-9|arcus-10)',141,131,197,112,306,363,487,47,0.023225091219631955,weak_loss,0.00588005581445239,3,8,normal,3,10,arcus.q,320.8573868464612,272.4106786033486,320.8573868464612
10,INTERMEDIATE,3,arcus_gpu.p,0.9110011083400429,0,2048,fluxbypass_aqua,/baldig/chemistry/earth_system_science/,0.4409729524494049,/home/jott1/Projects/SHERPA_EX/.profile,25,hostname='(arcus-1|arcus-2|arcus-3|arcus-4|arcus-5|arcus-6|arcus-7|arcus-8|arcus-9|arcus-10)',269,504,131,75,109,232,303,173,0.11625423457757977,weak_loss,0.00662318404985104,3,8,normal,6,10,arcus.q,-8.960217236802399e+24,-9.221590442989835e+24,-8.960217236802399e+24
9,INTERMEDIATE,3,arcus_gpu.p,0.4641378082198826,0,2048,fluxbypass_aqua,/baldig/chemistry/earth_system_science/,0.3982334960692828,/home/jott1/Projects/SHERPA_EX/.profile,25,hostname='(arcus-1|arcus-2|arcus-3|arcus-4|arcus-5|arcus-6|arcus-7|arcus-8|arcus-9|arcus-10)',239,239,65,351,267,300,197,216,0.06379673105024108,weak_loss,0.004107408727332206,3,8,normal,4,10,arcus.q,-2.9203389598448394e+25,-2.88527501842378e+25,-2.9203389598448394e+25
10,INTERMEDIATE,4,arcus_gpu.p,0.9110011083400429,0,2048,fluxbypass_aqua,/baldig/chemistry/earth_system_science/,0.4409729524494049,/home/jott1/Projects/SHERPA_EX/.profile,25,hostname='(arcus-1|arcus-2|arcus-3|arcus-4|arcus-5|arcus-6|arcus-7|arcus-8|arcus-9|arcus-10)',269,504,131,75,109,232,303,173,0.11625423457757977,weak_loss,0.00662318404985104,3,8,normal,6,10,arcus.q,-9.06403817325113e+24,-9.353393734902248e+24,-9.06403817325113e+24
10,INTERMEDIATE,5,arcus_gpu.p,0.9110011083400429,0,2048,fluxbypass_aqua,/baldig/chemistry/earth_system_science/,0.4409729524494049,/home/jott1/Projects/SHERPA_EX/.profile,25,hostname='(arcus-1|arcus-2|arcus-3|arcus-4|arcus-5|arcus-6|arcus-7|arcus-8|arcus-9|arcus-10)',269,504,131,75,109,232,303,173,0.11625423457757977,weak_loss,0.00662318404985104,3,8,normal,6,10,arcus.q,-9.166330590842444e+24,-9.463609931722761e+24,-9.166330590842444e+24
8,INTERMEDIATE,12,arcus_gpu.p,0.1523894398753567,0,2048,fluxbypass_aqua,/baldig/chemistry/earth_system_science/,0.1661488521742963,/home/jott1/Projects/SHERPA_EX/.profile,25,hostname='(arcus-1|arcus-2|arcus-3|arcus-4|arcus-5|arcus-6|arcus-7|arcus-8|arcus-9|arcus-10)',141,131,197,112,306,363,487,47,0.023225091219631955,weak_loss,0.00588005581445239,3,8,normal,3,10,arcus.q,352.26607442252504,269.74573388933123,352.26607442252504
10,INTERMEDIATE,6,arcus_gpu.p,0.9110011083400429,0,2048,fluxbypass_aqua,/baldig/chemistry/earth_system_science/,0.4409729524494049,/home/jott1/Projects/SHERPA_EX/.profile,25,hostname='(arcus-1|arcus-2|arcus-3|arcus-4|arcus-5|arcus-6|arcus-7|arcus-8|arcus-9|arcus-10)',269,504,131,75,109,232,303,173,0.11625423457757977,weak_loss,0.00662318404985104,3,8,normal,6,10,arcus.q,-9.2684998043121e+24,-9.555321178328357e+24,-9.2684998043121e+24
10,INTERMEDIATE,7,arcus_gpu.p,0.9110011083400429,0,2048,fluxbypass_aqua,/baldig/chemistry/earth_system_science/,0.4409729524494049,/home/jott1/Projects/SHERPA_EX/.profile,25,hostname='(arcus-1|arcus-2|arcus-3|arcus-4|arcus-5|arcus-6|arcus-7|arcus-8|arcus-9|arcus-10)',269,504,131,75,109,232,303,173,0.11625423457757977,weak_loss,0.00662318404985104,3,8,normal,6,10,arcus.q,-9.37007312861212e+24,-9.70746465515889e+24,-9.37007312861212e+24
10,INTERMEDIATE,8,arcus_gpu.p,0.9110011083400429,0,2048,fluxbypass_aqua,/baldig/chemistry/earth_system_science/,0.4409729524494049,/home/jott1/Projects/SHERPA_EX/.profile,25,hostname='(arcus-1|arcus-2|arcus-3|arcus-4|arcus-5|arcus-6|arcus-7|arcus-8|arcus-9|arcus-10)',269,504,131,75,109,232,303,173,0.11625423457757977,weak_loss,0.00662318404985104,3,8,normal,6,10,arcus.q,-9.472181689489815e+24,-9.799855570883368e+24,-9.472181689489815e+24
10,INTERMEDIATE,9,arcus_gpu.p,0.9110011083400429,0,2048,fluxbypass_aqua,/baldig/chemistry/earth_system_science/,0.4409729524494049,/home/jott1/Projects/SHERPA_EX/.profile,25,hostname='(arcus-1|arcus-2|arcus-3|arcus-4|arcus-5|arcus-6|arcus-7|arcus-8|arcus-9|arcus-10)',269,504,131,75,109,232,303,173,0.11625423457757977,weak_loss,0.00662318404985104,3,8,normal,6,10,arcus.q,-9.574731227266768e+24,-9.94296111718839e+24,-9.574731227266768e+24
10,INTERMEDIATE,10,arcus_gpu.p,0.9110011083400429,0,2048,fluxbypass_aqua,/baldig/chemistry/earth_system_science/,0.4409729524494049,/home/jott1/Projects/SHERPA_EX/.profile,25,hostname='(arcus-1|arcus-2|arcus-3|arcus-4|arcus-5|arcus-6|arcus-7|arcus-8|arcus-9|arcus-10)',269,504,131,75,109,232,303,173,0.11625423457757977,weak_loss,0.00662318404985104,3,8,normal,6,10,arcus.q,-9.676444534115309e+24,-1.0022870254277907e+25,-9.676444534115309e+24
10,COMPLETED,10,arcus_gpu.p,0.9110011083400429,0,2048,fluxbypass_aqua,/baldig/chemistry/earth_system_science/,0.4409729524494049,/home/jott1/Projects/SHERPA_EX/.profile,25,hostname='(arcus-1|arcus-2|arcus-3|arcus-4|arcus-5|arcus-6|arcus-7|arcus-8|arcus-9|arcus-10)',269,504,131,75,109,232,303,173,0.11625423457757977,weak_loss,0.00662318404985104,3,8,normal,6,10,arcus.q,-9.676444534115309e+24,-1.0022870254277907e+25,-9.676444534115309e+24
9,INTERMEDIATE,4,arcus_gpu.p,0.4641378082198826,0,2048,fluxbypass_aqua,/baldig/chemistry/earth_system_science/,0.3982334960692828,/home/jott1/Projects/SHERPA_EX/.profile,25,hostname='(arcus-1|arcus-2|arcus-3|arcus-4|arcus-5|arcus-6|arcus-7|arcus-8|arcus-9|arcus-10)',239,239,65,351,267,300,197,216,0.06379673105024108,weak_loss,0.004107408727332206,3,8,normal,4,10,arcus.q,-3.0696518061963133e+25,-3.0387745964675006e+25,-3.0696518061963133e+25
8,INTERMEDIATE,13,arcus_gpu.p,0.1523894398753567,0,2048,fluxbypass_aqua,/baldig/chemistry/earth_system_science/,0.1661488521742963,/home/jott1/Projects/SHERPA_EX/.profile,25,hostname='(arcus-1|arcus-2|arcus-3|arcus-4|arcus-5|arcus-6|arcus-7|arcus-8|arcus-9|arcus-10)',141,131,197,112,306,363,487,47,0.023225091219631955,weak_loss,0.00588005581445239,3,8,normal,3,10,arcus.q,400.10259590606216,263.7691816037142,400.10259590606216
8,INTERMEDIATE,14,arcus_gpu.p,0.1523894398753567,0,2048,fluxbypass_aqua,/baldig/chemistry/earth_system_science/,0.1661488521742963,/home/jott1/Projects/SHERPA_EX/.profile,25,hostname='(arcus-1|arcus-2|arcus-3|arcus-4|arcus-5|arcus-6|arcus-7|arcus-8|arcus-9|arcus-10)',141,131,197,112,306,363,487,47,0.023225091219631955,weak_loss,0.00588005581445239,3,8,normal,3,10,arcus.q,319.70266130776344,263.38840402859825,319.70266130776344
9,INTERMEDIATE,5,arcus_gpu.p,0.4641378082198826,0,2048,fluxbypass_aqua,/baldig/chemistry/earth_system_science/,0.3982334960692828,/home/jott1/Projects/SHERPA_EX/.profile,25,hostname='(arcus-1|arcus-2|arcus-3|arcus-4|arcus-5|arcus-6|arcus-7|arcus-8|arcus-9|arcus-10)',239,239,65,351,267,300,197,216,0.06379673105024108,weak_loss,0.004107408727332206,3,8,normal,4,10,arcus.q,-3.2196400872100634e+25,-3.189434623058032e+25,-3.2196400872100634e+25
8,INTERMEDIATE,15,arcus_gpu.p,0.1523894398753567,0,2048,fluxbypass_aqua,/baldig/chemistry/earth_system_science/,0.1661488521742963,/home/jott1/Projects/SHERPA_EX/.profile,25,hostname='(arcus-1|arcus-2|arcus-3|arcus-4|arcus-5|arcus-6|arcus-7|arcus-8|arcus-9|arcus-10)',141,131,197,112,306,363,487,47,0.023225091219631955,weak_loss,0.00588005581445239,3,8,normal,3,10,arcus.q,403.2461695593637,258.9152118589928,403.2461695593637
11,INTERMEDIATE,0,arcus_gpu.p,0.6292066661236396,1,2048,fluxbypass_aqua,/baldig/chemistry/earth_system_science/,0.32481241781368453,/home/jott1/Projects/SHERPA_EX/.profile,25,hostname='(arcus-1|arcus-2|arcus-3|arcus-4|arcus-5|arcus-6|arcus-7|arcus-8|arcus-9|arcus-10)',151,203,273,293,305,327,37,441,0.3237705607518082,weak_loss,0.00045486129980048205,3,8,normal,7,10,arcus.q,-3351.3243071061183,796.533528850416,-3351.3243071061183
11,INTERMEDIATE,1,arcus_gpu.p,0.6292066661236396,1,2048,fluxbypass_aqua,/baldig/chemistry/earth_system_science/,0.32481241781368453,/home/jott1/Projects/SHERPA_EX/.profile,25,hostname='(arcus-1|arcus-2|arcus-3|arcus-4|arcus-5|arcus-6|arcus-7|arcus-8|arcus-9|arcus-10)',151,203,273,293,305,327,37,441,0.3237705607518082,weak_loss,0.00045486129980048205,3,8,normal,7,10,arcus.q,-1300710.4826459065,-338400.0745056792,-1300710.4826459065
11,INTERMEDIATE,2,arcus_gpu.p,0.6292066661236396,1,2048,fluxbypass_aqua,/baldig/chemistry/earth_system_science/,0.32481241781368453,/home/jott1/Projects/SHERPA_EX/.profile,25,hostname='(arcus-1|arcus-2|arcus-3|arcus-4|arcus-5|arcus-6|arcus-7|arcus-8|arcus-9|arcus-10)',151,203,273,293,305,327,37,441,0.3237705607518082,weak_loss,0.00045486129980048205,3,8,normal,7,10,arcus.q,-27451229.844994683,-8209703.320070814,-27451229.844994683
11,INTERMEDIATE,3,arcus_gpu.p,0.6292066661236396,1,2048,fluxbypass_aqua,/baldig/chemistry/earth_system_science/,0.32481241781368453,/home/jott1/Projects/SHERPA_EX/.profile,25,hostname='(arcus-1|arcus-2|arcus-3|arcus-4|arcus-5|arcus-6|arcus-7|arcus-8|arcus-9|arcus-10)',151,203,273,293,305,327,37,441,0.3237705607518082,weak_loss,0.00045486129980048205,3,8,normal,7,10,arcus.q,-131553895.67411059,-53829757.15023202,-131553895.67411059
8,INTERMEDIATE,16,arcus_gpu.p,0.1523894398753567,0,2048,fluxbypass_aqua,/baldig/chemistry/earth_system_science/,0.1661488521742963,/home/jott1/Projects/SHERPA_EX/.profile,25,hostname='(arcus-1|arcus-2|arcus-3|arcus-4|arcus-5|arcus-6|arcus-7|arcus-8|arcus-9|arcus-10)',141,131,197,112,306,363,487,47,0.023225091219631955,weak_loss,0.00588005581445239,3,8,normal,3,10,arcus.q,288.4690427009394,256.8475393299345,288.4690427009394
11,INTERMEDIATE,4,arcus_gpu.p,0.6292066661236396,1,2048,fluxbypass_aqua,/baldig/chemistry/earth_system_science/,0.32481241781368453,/home/jott1/Projects/SHERPA_EX/.profile,25,hostname='(arcus-1|arcus-2|arcus-3|arcus-4|arcus-5|arcus-6|arcus-7|arcus-8|arcus-9|arcus-10)',151,203,273,293,305,327,37,441,0.3237705607518082,weak_loss,0.00045486129980048205,3,8,normal,7,10,arcus.q,-330120582.1243233,-199599988.68716165,-330120582.1243233
9,INTERMEDIATE,6,arcus_gpu.p,0.4641378082198826,0,2048,fluxbypass_aqua,/baldig/chemistry/earth_system_science/,0.3982334960692828,/home/jott1/Projects/SHERPA_EX/.profile,25,hostname='(arcus-1|arcus-2|arcus-3|arcus-4|arcus-5|arcus-6|arcus-7|arcus-8|arcus-9|arcus-10)',239,239,65,351,267,300,197,216,0.06379673105024108,weak_loss,0.004107408727332206,3,8,normal,4,10,arcus.q,-3.375968601549196e+25,-3.3446921646940423e+25,-3.375968601549196e+25
11,INTERMEDIATE,5,arcus_gpu.p,0.6292066661236396,1,2048,fluxbypass_aqua,/baldig/chemistry/earth_system_science/,0.32481241781368453,/home/jott1/Projects/SHERPA_EX/.profile,25,hostname='(arcus-1|arcus-2|arcus-3|arcus-4|arcus-5|arcus-6|arcus-7|arcus-8|arcus-9|arcus-10)',151,203,273,293,305,327,37,441,0.3237705607518082,weak_loss,0.00045486129980048205,3,8,normal,7,10,arcus.q,-844236650.2155839,-544527151.4338747,-844236650.2155839
11,INTERMEDIATE,6,arcus_gpu.p,0.6292066661236396,1,2048,fluxbypass_aqua,/baldig/chemistry/earth_system_science/,0.32481241781368453,/home/jott1/Projects/SHERPA_EX/.profile,25,hostname='(arcus-1|arcus-2|arcus-3|arcus-4|arcus-5|arcus-6|arcus-7|arcus-8|arcus-9|arcus-10)',151,203,273,293,305,327,37,441,0.3237705607518082,weak_loss,0.00045486129980048205,3,8,normal,7,10,arcus.q,-1467992351.6156225,-1228795866.6326373,-1467992351.6156225
11,INTERMEDIATE,7,arcus_gpu.p,0.6292066661236396,1,2048,fluxbypass_aqua,/baldig/chemistry/earth_system_science/,0.32481241781368453,/home/jott1/Projects/SHERPA_EX/.profile,25,hostname='(arcus-1|arcus-2|arcus-3|arcus-4|arcus-5|arcus-6|arcus-7|arcus-8|arcus-9|arcus-10)',151,203,273,293,305,327,37,441,0.3237705607518082,weak_loss,0.00045486129980048205,3,8,normal,7,10,arcus.q,-2909671583.737046,-2438659025.732405,-2909671583.737046
11,INTERMEDIATE,8,arcus_gpu.p,0.6292066661236396,1,2048,fluxbypass_aqua,/baldig/chemistry/earth_system_science/,0.32481241781368453,/home/jott1/Projects/SHERPA_EX/.profile,25,hostname='(arcus-1|arcus-2|arcus-3|arcus-4|arcus-5|arcus-6|arcus-7|arcus-8|arcus-9|arcus-10)',151,203,273,293,305,327,37,441,0.3237705607518082,weak_loss,0.00045486129980048205,3,8,normal,7,10,arcus.q,-5595900707.46481,-4397702894.490333,-5595900707.46481
11,INTERMEDIATE,9,arcus_gpu.p,0.6292066661236396,1,2048,fluxbypass_aqua,/baldig/chemistry/earth_system_science/,0.32481241781368453,/home/jott1/Projects/SHERPA_EX/.profile,25,hostname='(arcus-1|arcus-2|arcus-3|arcus-4|arcus-5|arcus-6|arcus-7|arcus-8|arcus-9|arcus-10)',151,203,273,293,305,327,37,441,0.3237705607518082,weak_loss,0.00045486129980048205,3,8,normal,7,10,arcus.q,-9381582790.83372,-7390307017.8252125,-9381582790.83372
8,INTERMEDIATE,17,arcus_gpu.p,0.1523894398753567,0,2048,fluxbypass_aqua,/baldig/chemistry/earth_system_science/,0.1661488521742963,/home/jott1/Projects/SHERPA_EX/.profile,25,hostname='(arcus-1|arcus-2|arcus-3|arcus-4|arcus-5|arcus-6|arcus-7|arcus-8|arcus-9|arcus-10)',141,131,197,112,306,363,487,47,0.023225091219631955,weak_loss,0.00588005581445239,3,8,normal,3,10,arcus.q,375.1330598792823,255.8853710020409,375.1330598792823
9,INTERMEDIATE,7,arcus_gpu.p,0.4641378082198826,0,2048,fluxbypass_aqua,/baldig/chemistry/earth_system_science/,0.3982334960692828,/home/jott1/Projects/SHERPA_EX/.profile,25,hostname='(arcus-1|arcus-2|arcus-3|arcus-4|arcus-5|arcus-6|arcus-7|arcus-8|arcus-9|arcus-10)',239,239,65,351,267,300,197,216,0.06379673105024108,weak_loss,0.004107408727332206,3,8,normal,4,10,arcus.q,-3.5390542202257124e+25,-3.5040426382112106e+25,-3.5390542202257124e+25
11,INTERMEDIATE,10,arcus_gpu.p,0.6292066661236396,1,2048,fluxbypass_aqua,/baldig/chemistry/earth_system_science/,0.32481241781368453,/home/jott1/Projects/SHERPA_EX/.profile,25,hostname='(arcus-1|arcus-2|arcus-3|arcus-4|arcus-5|arcus-6|arcus-7|arcus-8|arcus-9|arcus-10)',151,203,273,293,305,327,37,441,0.3237705607518082,weak_loss,0.00045486129980048205,3,8,normal,7,10,arcus.q,-14136918217.515854,-11727579647.010054,-14136918217.515854
11,COMPLETED,10,arcus_gpu.p,0.6292066661236396,1,2048,fluxbypass_aqua,/baldig/chemistry/earth_system_science/,0.32481241781368453,/home/jott1/Projects/SHERPA_EX/.profile,25,hostname='(arcus-1|arcus-2|arcus-3|arcus-4|arcus-5|arcus-6|arcus-7|arcus-8|arcus-9|arcus-10)',151,203,273,293,305,327,37,441,0.3237705607518082,weak_loss,0.00045486129980048205,3,8,normal,7,10,arcus.q,-14136918217.515854,-11727579647.010054,-14136918217.515854
8,INTERMEDIATE,18,arcus_gpu.p,0.1523894398753567,0,2048,fluxbypass_aqua,/baldig/chemistry/earth_system_science/,0.1661488521742963,/home/jott1/Projects/SHERPA_EX/.profile,25,hostname='(arcus-1|arcus-2|arcus-3|arcus-4|arcus-5|arcus-6|arcus-7|arcus-8|arcus-9|arcus-10)',141,131,197,112,306,363,487,47,0.023225091219631955,weak_loss,0.00588005581445239,3,8,normal,3,10,arcus.q,489.2845191712169,253.52593401099764,489.2845191712169
9,INTERMEDIATE,8,arcus_gpu.p,0.4641378082198826,0,2048,fluxbypass_aqua,/baldig/chemistry/earth_system_science/,0.3982334960692828,/home/jott1/Projects/SHERPA_EX/.profile,25,hostname='(arcus-1|arcus-2|arcus-3|arcus-4|arcus-5|arcus-6|arcus-7|arcus-8|arcus-9|arcus-10)',239,239,65,351,267,300,197,216,0.06379673105024108,weak_loss,0.004107408727332206,3,8,normal,4,10,arcus.q,-3.7075288948914403e+25,-3.667967357158729e+25,-3.7075288948914403e+25
8,INTERMEDIATE,19,arcus_gpu.p,0.1523894398753567,0,2048,fluxbypass_aqua,/baldig/chemistry/earth_system_science/,0.1661488521742963,/home/jott1/Projects/SHERPA_EX/.profile,25,hostname='(arcus-1|arcus-2|arcus-3|arcus-4|arcus-5|arcus-6|arcus-7|arcus-8|arcus-9|arcus-10)',141,131,197,112,306,363,487,47,0.023225091219631955,weak_loss,0.00588005581445239,3,8,normal,3,10,arcus.q,411.8372655361084,249.90965911130618,411.8372655361084
8,INTERMEDIATE,20,arcus_gpu.p,0.1523894398753567,0,2048,fluxbypass_aqua,/baldig/chemistry/earth_system_science/,0.1661488521742963,/home/jott1/Projects/SHERPA_EX/.profile,25,hostname='(arcus-1|arcus-2|arcus-3|arcus-4|arcus-5|arcus-6|arcus-7|arcus-8|arcus-9|arcus-10)',141,131,197,112,306,363,487,47,0.023225091219631955,weak_loss,0.00588005581445239,3,8,normal,3,10,arcus.q,275.2276934762381,246.3268132696572,275.2276934762381
9,INTERMEDIATE,9,arcus_gpu.p,0.4641378082198826,0,2048,fluxbypass_aqua,/baldig/chemistry/earth_system_science/,0.3982334960692828,/home/jott1/Projects/SHERPA_EX/.profile,25,hostname='(arcus-1|arcus-2|arcus-3|arcus-4|arcus-5|arcus-6|arcus-7|arcus-8|arcus-9|arcus-10)',239,239,65,351,267,300,197,216,0.06379673105024108,weak_loss,0.004107408727332206,3,8,normal,4,10,arcus.q,-3.87695305061968e+25,-3.835396024228524e+25,-3.87695305061968e+25
8,INTERMEDIATE,21,arcus_gpu.p,0.1523894398753567,0,2048,fluxbypass_aqua,/baldig/chemistry/earth_system_science/,0.1661488521742963,/home/jott1/Projects/SHERPA_EX/.profile,25,hostname='(arcus-1|arcus-2|arcus-3|arcus-4|arcus-5|arcus-6|arcus-7|arcus-8|arcus-9|arcus-10)',141,131,197,112,306,363,487,47,0.023225091219631955,weak_loss,0.00588005581445239,3,8,normal,3,10,arcus.q,325.13954277363104,243.06020987301213,325.13954277363104
9,INTERMEDIATE,10,arcus_gpu.p,0.4641378082198826,0,2048,fluxbypass_aqua,/baldig/chemistry/earth_system_science/,0.3982334960692828,/home/jott1/Projects/SHERPA_EX/.profile,25,hostname='(arcus-1|arcus-2|arcus-3|arcus-4|arcus-5|arcus-6|arcus-7|arcus-8|arcus-9|arcus-10)',239,239,65,351,267,300,197,216,0.06379673105024108,weak_loss,0.004107408727332206,3,8,normal,4,10,arcus.q,-4.038286514904381e+25,-3.999044985632259e+25,-4.038286514904381e+25
12,INTERMEDIATE,0,arcus_gpu.p,0.42869974313989745,1,2048,fluxbypass_aqua,/baldig/chemistry/earth_system_science/,0.14729794824384312,/home/jott1/Projects/SHERPA_EX/.profile,25,hostname='(arcus-1|arcus-2|arcus-3|arcus-4|arcus-5|arcus-6|arcus-7|arcus-8|arcus-9|arcus-10)',242,283,234,151,65,334,350,337,0.4389518261364822,weak_loss,0.0038675785111887593,3,8,normal,5,10,arcus.q,-8325693914.243233,-326042893.0792564,-8325693914.243233
9,COMPLETED,10,arcus_gpu.p,0.4641378082198826,0,2048,fluxbypass_aqua,/baldig/chemistry/earth_system_science/,0.3982334960692828,/home/jott1/Projects/SHERPA_EX/.profile,25,hostname='(arcus-1|arcus-2|arcus-3|arcus-4|arcus-5|arcus-6|arcus-7|arcus-8|arcus-9|arcus-10)',239,239,65,351,267,300,197,216,0.06379673105024108,weak_loss,0.004107408727332206,3,8,normal,4,10,arcus.q,-4.038286514904381e+25,-3.999044985632259e+25,-4.038286514904381e+25
8,INTERMEDIATE,22,arcus_gpu.p,0.1523894398753567,0,2048,fluxbypass_aqua,/baldig/chemistry/earth_system_science/,0.1661488521742963,/home/jott1/Projects/SHERPA_EX/.profile,25,hostname='(arcus-1|arcus-2|arcus-3|arcus-4|arcus-5|arcus-6|arcus-7|arcus-8|arcus-9|arcus-10)',141,131,197,112,306,363,487,47,0.023225091219631955,weak_loss,0.00588005581445239,3,8,normal,3,10,arcus.q,258.3617876595706,241.36369689471576,258.3617876595706
12,INTERMEDIATE,1,arcus_gpu.p,0.42869974313989745,1,2048,fluxbypass_aqua,/baldig/chemistry/earth_system_science/,0.14729794824384312,/home/jott1/Projects/SHERPA_EX/.profile,25,hostname='(arcus-1|arcus-2|arcus-3|arcus-4|arcus-5|arcus-6|arcus-7|arcus-8|arcus-9|arcus-10)',242,283,234,151,65,334,350,337,0.4389518261364822,weak_loss,0.0038675785111887593,3,8,normal,5,10,arcus.q,-404499868384.2227,-72448235365.90256,-404499868384.2227
8,INTERMEDIATE,23,arcus_gpu.p,0.1523894398753567,0,2048,fluxbypass_aqua,/baldig/chemistry/earth_system_science/,0.1661488521742963,/home/jott1/Projects/SHERPA_EX/.profile,25,hostname='(arcus-1|arcus-2|arcus-3|arcus-4|arcus-5|arcus-6|arcus-7|arcus-8|arcus-9|arcus-10)',141,131,197,112,306,363,487,47,0.023225091219631955,weak_loss,0.00588005581445239,3,8,normal,3,10,arcus.q,257.32542241384886,239.80625265878203,257.32542241384886
8,INTERMEDIATE,24,arcus_gpu.p,0.1523894398753567,0,2048,fluxbypass_aqua,/baldig/chemistry/earth_system_science/,0.1661488521742963,/home/jott1/Projects/SHERPA_EX/.profile,25,hostname='(arcus-1|arcus-2|arcus-3|arcus-4|arcus-5|arcus-6|arcus-7|arcus-8|arcus-9|arcus-10)',141,131,197,112,306,363,487,47,0.023225091219631955,weak_loss,0.00588005581445239,3,8,normal,3,10,arcus.q,233.25990442296654,236.9776870647513,233.25990442296654
8,COMPLETED,24,arcus_gpu.p,0.1523894398753567,0,2048,fluxbypass_aqua,/baldig/chemistry/earth_system_science/,0.1661488521742963,/home/jott1/Projects/SHERPA_EX/.profile,25,hostname='(arcus-1|arcus-2|arcus-3|arcus-4|arcus-5|arcus-6|arcus-7|arcus-8|arcus-9|arcus-10)',141,131,197,112,306,363,487,47,0.023225091219631955,weak_loss,0.00588005581445239,3,8,normal,3,10,arcus.q,195.6282310417615,342.3244254760565,195.6282310417615
