Trial-ID,Status,Iteration,P,alg,alpha,batch_norm,batch_size,data,data_dir,dropout,env,epochs,gpus,l,layer_0,layer_1,layer_2,layer_3,layer_4,layer_5,layer_6,layer_7,layer_8,leaky_relu,loss_type,lr,max_concurrent,max_dense_layers,net_type,num_layers,patience,q,sch,Objective,loss,val_loss
5,INTERMEDIATE,0,arcus_gpu.p,local,0.1,0,2048,fluxbypass_aqua,/baldig/chemistry/earth_system_science/,0.25,/home/jott1/Projects/SHERPA_EX/.profile,25,"0,1",hostname='(arcus-1|arcus-2|arcus-3|arcus-4|arcus-5|arcus-6|arcus-7|arcus-8|arcus-9|arcus-10)',512,512,512,409,512,512,512,512,512,0.3,weak_loss,0.001,6,8,normal,5,10,arcus.q,local,669.0724969883806,950.8107468866141,669.0724969883806
1,INTERMEDIATE,0,arcus_gpu.p,local,0.1,0,2048,fluxbypass_aqua,/baldig/chemistry/earth_system_science/,0.25,/home/jott1/Projects/SHERPA_EX/.profile,25,"0,1",hostname='(arcus-1|arcus-2|arcus-3|arcus-4|arcus-5|arcus-6|arcus-7|arcus-8|arcus-9|arcus-10)',512,512,512,512,512,512,512,512,512,0.3,weak_loss,0.001,6,8,normal,5,10,arcus.q,local,315.60130394878814,999.0108180791025,315.60130394878814
4,INTERMEDIATE,0,arcus_gpu.p,local,0.1,0,2048,fluxbypass_aqua,/baldig/chemistry/earth_system_science/,0.25,/home/jott1/Projects/SHERPA_EX/.profile,25,"0,1",hostname='(arcus-1|arcus-2|arcus-3|arcus-4|arcus-5|arcus-6|arcus-7|arcus-8|arcus-9|arcus-10)',512,512,409,512,512,512,512,512,512,0.3,weak_loss,0.001,6,8,normal,5,10,arcus.q,local,306.4407111593484,974.9438002174064,306.4407111593484
6,INTERMEDIATE,0,arcus_gpu.p,local,0.1,0,2048,fluxbypass_aqua,/baldig/chemistry/earth_system_science/,0.25,/home/jott1/Projects/SHERPA_EX/.profile,25,"0,1",hostname='(arcus-1|arcus-2|arcus-3|arcus-4|arcus-5|arcus-6|arcus-7|arcus-8|arcus-9|arcus-10)',512,512,512,512,512,512,512,512,512,0.3,weak_loss,0.001,6,8,normal,6,10,arcus.q,local,439.87484807001925,1124.156948535459,439.87484807001925
3,INTERMEDIATE,0,arcus_gpu.p,local,0.1,1,2048,fluxbypass_aqua,/baldig/chemistry/earth_system_science/,0.25,/home/jott1/Projects/SHERPA_EX/.profile,25,"0,1",hostname='(arcus-1|arcus-2|arcus-3|arcus-4|arcus-5|arcus-6|arcus-7|arcus-8|arcus-9|arcus-10)',512,512,512,512,512,512,512,512,512,0.3,weak_loss,0.001,6,8,normal,5,10,arcus.q,local,504.91764186097964,1171.9846364063342,504.91764186097964
2,INTERMEDIATE,0,arcus_gpu.p,local,0.1,0,2048,fluxbypass_aqua,/baldig/chemistry/earth_system_science/,0.25,/home/jott1/Projects/SHERPA_EX/.profile,25,"0,1",hostname='(arcus-1|arcus-2|arcus-3|arcus-4|arcus-5|arcus-6|arcus-7|arcus-8|arcus-9|arcus-10)',512,512,512,512,512,512,512,512,512,0.3,weak_loss,0.0008,6,8,normal,5,10,arcus.q,local,594.7539234773558,923.7316745811898,594.7539234773558
1,INTERMEDIATE,1,arcus_gpu.p,local,0.1,0,2048,fluxbypass_aqua,/baldig/chemistry/earth_system_science/,0.25,/home/jott1/Projects/SHERPA_EX/.profile,25,"0,1",hostname='(arcus-1|arcus-2|arcus-3|arcus-4|arcus-5|arcus-6|arcus-7|arcus-8|arcus-9|arcus-10)',512,512,512,512,512,512,512,512,512,0.3,weak_loss,0.001,6,8,normal,5,10,arcus.q,local,214.8922888998458,451.4412621631239,214.8922888998458
4,INTERMEDIATE,1,arcus_gpu.p,local,0.1,0,2048,fluxbypass_aqua,/baldig/chemistry/earth_system_science/,0.25,/home/jott1/Projects/SHERPA_EX/.profile,25,"0,1",hostname='(arcus-1|arcus-2|arcus-3|arcus-4|arcus-5|arcus-6|arcus-7|arcus-8|arcus-9|arcus-10)',512,512,409,512,512,512,512,512,512,0.3,weak_loss,0.001,6,8,normal,5,10,arcus.q,local,273.0337945618375,447.41185558939384,273.0337945618375
5,INTERMEDIATE,1,arcus_gpu.p,local,0.1,0,2048,fluxbypass_aqua,/baldig/chemistry/earth_system_science/,0.25,/home/jott1/Projects/SHERPA_EX/.profile,25,"0,1",hostname='(arcus-1|arcus-2|arcus-3|arcus-4|arcus-5|arcus-6|arcus-7|arcus-8|arcus-9|arcus-10)',512,512,512,409,512,512,512,512,512,0.3,weak_loss,0.001,6,8,normal,5,10,arcus.q,local,339.8183715422764,447.8711468292039,339.8183715422764
6,INTERMEDIATE,1,arcus_gpu.p,local,0.1,0,2048,fluxbypass_aqua,/baldig/chemistry/earth_system_science/,0.25,/home/jott1/Projects/SHERPA_EX/.profile,25,"0,1",hostname='(arcus-1|arcus-2|arcus-3|arcus-4|arcus-5|arcus-6|arcus-7|arcus-8|arcus-9|arcus-10)',512,512,512,512,512,512,512,512,512,0.3,weak_loss,0.001,6,8,normal,6,10,arcus.q,local,634.8353834808656,489.89251590881435,634.8353834808656
3,INTERMEDIATE,1,arcus_gpu.p,local,0.1,1,2048,fluxbypass_aqua,/baldig/chemistry/earth_system_science/,0.25,/home/jott1/Projects/SHERPA_EX/.profile,25,"0,1",hostname='(arcus-1|arcus-2|arcus-3|arcus-4|arcus-5|arcus-6|arcus-7|arcus-8|arcus-9|arcus-10)',512,512,512,512,512,512,512,512,512,0.3,weak_loss,0.001,6,8,normal,5,10,arcus.q,local,591.2011642345419,913.0144964927679,591.2011642345419
1,INTERMEDIATE,2,arcus_gpu.p,local,0.1,0,2048,fluxbypass_aqua,/baldig/chemistry/earth_system_science/,0.25,/home/jott1/Projects/SHERPA_EX/.profile,25,"0,1",hostname='(arcus-1|arcus-2|arcus-3|arcus-4|arcus-5|arcus-6|arcus-7|arcus-8|arcus-9|arcus-10)',512,512,512,512,512,512,512,512,512,0.3,weak_loss,0.001,6,8,normal,5,10,arcus.q,local,509.8667854816528,369.08340265468763,509.8667854816528
2,INTERMEDIATE,1,arcus_gpu.p,local,0.1,0,2048,fluxbypass_aqua,/baldig/chemistry/earth_system_science/,0.25,/home/jott1/Projects/SHERPA_EX/.profile,25,"0,1",hostname='(arcus-1|arcus-2|arcus-3|arcus-4|arcus-5|arcus-6|arcus-7|arcus-8|arcus-9|arcus-10)',512,512,512,512,512,512,512,512,512,0.3,weak_loss,0.0008,6,8,normal,5,10,arcus.q,local,278.9936074026776,421.9763591697026,278.9936074026776
4,INTERMEDIATE,2,arcus_gpu.p,local,0.1,0,2048,fluxbypass_aqua,/baldig/chemistry/earth_system_science/,0.25,/home/jott1/Projects/SHERPA_EX/.profile,25,"0,1",hostname='(arcus-1|arcus-2|arcus-3|arcus-4|arcus-5|arcus-6|arcus-7|arcus-8|arcus-9|arcus-10)',512,512,409,512,512,512,512,512,512,0.3,weak_loss,0.001,6,8,normal,5,10,arcus.q,local,226.97750070863975,370.63299658883017,226.97750070863975
5,INTERMEDIATE,2,arcus_gpu.p,local,0.1,0,2048,fluxbypass_aqua,/baldig/chemistry/earth_system_science/,0.25,/home/jott1/Projects/SHERPA_EX/.profile,25,"0,1",hostname='(arcus-1|arcus-2|arcus-3|arcus-4|arcus-5|arcus-6|arcus-7|arcus-8|arcus-9|arcus-10)',512,512,512,409,512,512,512,512,512,0.3,weak_loss,0.001,6,8,normal,5,10,arcus.q,local,314.07725160359786,371.46714798480343,314.07725160359786
4,INTERMEDIATE,3,arcus_gpu.p,local,0.1,0,2048,fluxbypass_aqua,/baldig/chemistry/earth_system_science/,0.25,/home/jott1/Projects/SHERPA_EX/.profile,25,"0,1",hostname='(arcus-1|arcus-2|arcus-3|arcus-4|arcus-5|arcus-6|arcus-7|arcus-8|arcus-9|arcus-10)',512,512,409,512,512,512,512,512,512,0.3,weak_loss,0.001,6,8,normal,5,10,arcus.q,local,394.73970447799906,333.6465025213644,394.73970447799906
5,INTERMEDIATE,3,arcus_gpu.p,local,0.1,0,2048,fluxbypass_aqua,/baldig/chemistry/earth_system_science/,0.25,/home/jott1/Projects/SHERPA_EX/.profile,25,"0,1",hostname='(arcus-1|arcus-2|arcus-3|arcus-4|arcus-5|arcus-6|arcus-7|arcus-8|arcus-9|arcus-10)',512,512,512,409,512,512,512,512,512,0.3,weak_loss,0.001,6,8,normal,5,10,arcus.q,local,431.3157261315926,334.89669625130347,431.3157261315926
3,INTERMEDIATE,2,arcus_gpu.p,local,0.1,1,2048,fluxbypass_aqua,/baldig/chemistry/earth_system_science/,0.25,/home/jott1/Projects/SHERPA_EX/.profile,25,"0,1",hostname='(arcus-1|arcus-2|arcus-3|arcus-4|arcus-5|arcus-6|arcus-7|arcus-8|arcus-9|arcus-10)',512,512,512,512,512,512,512,512,512,0.3,weak_loss,0.001,6,8,normal,5,10,arcus.q,local,484.3190482206706,871.1039800961074,484.3190482206706
1,INTERMEDIATE,3,arcus_gpu.p,local,0.1,0,2048,fluxbypass_aqua,/baldig/chemistry/earth_system_science/,0.25,/home/jott1/Projects/SHERPA_EX/.profile,25,"0,1",hostname='(arcus-1|arcus-2|arcus-3|arcus-4|arcus-5|arcus-6|arcus-7|arcus-8|arcus-9|arcus-10)',512,512,512,512,512,512,512,512,512,0.3,weak_loss,0.001,6,8,normal,5,10,arcus.q,local,342.5442826996823,332.7003755307622,342.5442826996823
6,INTERMEDIATE,2,arcus_gpu.p,local,0.1,0,2048,fluxbypass_aqua,/baldig/chemistry/earth_system_science/,0.25,/home/jott1/Projects/SHERPA_EX/.profile,25,"0,1",hostname='(arcus-1|arcus-2|arcus-3|arcus-4|arcus-5|arcus-6|arcus-7|arcus-8|arcus-9|arcus-10)',512,512,512,512,512,512,512,512,512,0.3,weak_loss,0.001,6,8,normal,6,10,arcus.q,local,464.3401858874835,400.93329041094535,464.3401858874835
2,INTERMEDIATE,2,arcus_gpu.p,local,0.1,0,2048,fluxbypass_aqua,/baldig/chemistry/earth_system_science/,0.25,/home/jott1/Projects/SHERPA_EX/.profile,25,"0,1",hostname='(arcus-1|arcus-2|arcus-3|arcus-4|arcus-5|arcus-6|arcus-7|arcus-8|arcus-9|arcus-10)',512,512,512,512,512,512,512,512,512,0.3,weak_loss,0.0008,6,8,normal,5,10,arcus.q,local,283.6680570177947,344.82507798677256,283.6680570177947
4,INTERMEDIATE,4,arcus_gpu.p,local,0.1,0,2048,fluxbypass_aqua,/baldig/chemistry/earth_system_science/,0.25,/home/jott1/Projects/SHERPA_EX/.profile,25,"0,1",hostname='(arcus-1|arcus-2|arcus-3|arcus-4|arcus-5|arcus-6|arcus-7|arcus-8|arcus-9|arcus-10)',512,512,409,512,512,512,512,512,512,0.3,weak_loss,0.001,6,8,normal,5,10,arcus.q,local,407.9831839124085,312.0475432404417,407.9831839124085
5,INTERMEDIATE,4,arcus_gpu.p,local,0.1,0,2048,fluxbypass_aqua,/baldig/chemistry/earth_system_science/,0.25,/home/jott1/Projects/SHERPA_EX/.profile,25,"0,1",hostname='(arcus-1|arcus-2|arcus-3|arcus-4|arcus-5|arcus-6|arcus-7|arcus-8|arcus-9|arcus-10)',512,512,512,409,512,512,512,512,512,0.3,weak_loss,0.001,6,8,normal,5,10,arcus.q,local,358.0238212919567,311.93376188672795,358.0238212919567
3,INTERMEDIATE,3,arcus_gpu.p,local,0.1,1,2048,fluxbypass_aqua,/baldig/chemistry/earth_system_science/,0.25,/home/jott1/Projects/SHERPA_EX/.profile,25,"0,1",hostname='(arcus-1|arcus-2|arcus-3|arcus-4|arcus-5|arcus-6|arcus-7|arcus-8|arcus-9|arcus-10)',512,512,512,512,512,512,512,512,512,0.3,weak_loss,0.001,6,8,normal,5,10,arcus.q,local,651.2857488214001,848.5713215464322,651.2857488214001
6,INTERMEDIATE,3,arcus_gpu.p,local,0.1,0,2048,fluxbypass_aqua,/baldig/chemistry/earth_system_science/,0.25,/home/jott1/Projects/SHERPA_EX/.profile,25,"0,1",hostname='(arcus-1|arcus-2|arcus-3|arcus-4|arcus-5|arcus-6|arcus-7|arcus-8|arcus-9|arcus-10)',512,512,512,512,512,512,512,512,512,0.3,weak_loss,0.001,6,8,normal,6,10,arcus.q,local,591.0259799278714,362.73262492520627,591.0259799278714
1,INTERMEDIATE,4,arcus_gpu.p,local,0.1,0,2048,fluxbypass_aqua,/baldig/chemistry/earth_system_science/,0.25,/home/jott1/Projects/SHERPA_EX/.profile,25,"0,1",hostname='(arcus-1|arcus-2|arcus-3|arcus-4|arcus-5|arcus-6|arcus-7|arcus-8|arcus-9|arcus-10)',512,512,512,512,512,512,512,512,512,0.3,weak_loss,0.001,6,8,normal,5,10,arcus.q,local,376.12496068324583,311.7092118748195,376.12496068324583
2,INTERMEDIATE,3,arcus_gpu.p,local,0.1,0,2048,fluxbypass_aqua,/baldig/chemistry/earth_system_science/,0.25,/home/jott1/Projects/SHERPA_EX/.profile,25,"0,1",hostname='(arcus-1|arcus-2|arcus-3|arcus-4|arcus-5|arcus-6|arcus-7|arcus-8|arcus-9|arcus-10)',512,512,512,512,512,512,512,512,512,0.3,weak_loss,0.0008,6,8,normal,5,10,arcus.q,local,304.21147867440254,309.8361653289588,304.21147867440254
4,INTERMEDIATE,5,arcus_gpu.p,local,0.1,0,2048,fluxbypass_aqua,/baldig/chemistry/earth_system_science/,0.25,/home/jott1/Projects/SHERPA_EX/.profile,25,"0,1",hostname='(arcus-1|arcus-2|arcus-3|arcus-4|arcus-5|arcus-6|arcus-7|arcus-8|arcus-9|arcus-10)',512,512,409,512,512,512,512,512,512,0.3,weak_loss,0.001,6,8,normal,5,10,arcus.q,local,362.03110052224565,295.9671172804364,362.03110052224565
5,INTERMEDIATE,5,arcus_gpu.p,local,0.1,0,2048,fluxbypass_aqua,/baldig/chemistry/earth_system_science/,0.25,/home/jott1/Projects/SHERPA_EX/.profile,25,"0,1",hostname='(arcus-1|arcus-2|arcus-3|arcus-4|arcus-5|arcus-6|arcus-7|arcus-8|arcus-9|arcus-10)',512,512,512,409,512,512,512,512,512,0.3,weak_loss,0.001,6,8,normal,5,10,arcus.q,local,245.6426875500926,297.96060579485055,245.6426875500926
3,INTERMEDIATE,4,arcus_gpu.p,local,0.1,1,2048,fluxbypass_aqua,/baldig/chemistry/earth_system_science/,0.25,/home/jott1/Projects/SHERPA_EX/.profile,25,"0,1",hostname='(arcus-1|arcus-2|arcus-3|arcus-4|arcus-5|arcus-6|arcus-7|arcus-8|arcus-9|arcus-10)',512,512,512,512,512,512,512,512,512,0.3,weak_loss,0.001,6,8,normal,5,10,arcus.q,local,440.7391564847883,833.2227463231746,440.7391564847883
5,INTERMEDIATE,6,arcus_gpu.p,local,0.1,0,2048,fluxbypass_aqua,/baldig/chemistry/earth_system_science/,0.25,/home/jott1/Projects/SHERPA_EX/.profile,25,"0,1",hostname='(arcus-1|arcus-2|arcus-3|arcus-4|arcus-5|arcus-6|arcus-7|arcus-8|arcus-9|arcus-10)',512,512,512,409,512,512,512,512,512,0.3,weak_loss,0.001,6,8,normal,5,10,arcus.q,local,367.8196278807735,287.0735323119329,367.8196278807735
4,INTERMEDIATE,6,arcus_gpu.p,local,0.1,0,2048,fluxbypass_aqua,/baldig/chemistry/earth_system_science/,0.25,/home/jott1/Projects/SHERPA_EX/.profile,25,"0,1",hostname='(arcus-1|arcus-2|arcus-3|arcus-4|arcus-5|arcus-6|arcus-7|arcus-8|arcus-9|arcus-10)',512,512,409,512,512,512,512,512,512,0.3,weak_loss,0.001,6,8,normal,5,10,arcus.q,local,529.7802209009611,284.49759624470875,529.7802209009611
1,INTERMEDIATE,5,arcus_gpu.p,local,0.1,0,2048,fluxbypass_aqua,/baldig/chemistry/earth_system_science/,0.25,/home/jott1/Projects/SHERPA_EX/.profile,25,"0,1",hostname='(arcus-1|arcus-2|arcus-3|arcus-4|arcus-5|arcus-6|arcus-7|arcus-8|arcus-9|arcus-10)',512,512,512,512,512,512,512,512,512,0.3,weak_loss,0.001,6,8,normal,5,10,arcus.q,local,425.1458685490298,297.0413231397911,425.1458685490298
2,INTERMEDIATE,4,arcus_gpu.p,local,0.1,0,2048,fluxbypass_aqua,/baldig/chemistry/earth_system_science/,0.25,/home/jott1/Projects/SHERPA_EX/.profile,25,"0,1",hostname='(arcus-1|arcus-2|arcus-3|arcus-4|arcus-5|arcus-6|arcus-7|arcus-8|arcus-9|arcus-10)',512,512,512,512,512,512,512,512,512,0.3,weak_loss,0.0008,6,8,normal,5,10,arcus.q,local,303.2196139404226,289.28516508439486,303.2196139404226
6,INTERMEDIATE,4,arcus_gpu.p,local,0.1,0,2048,fluxbypass_aqua,/baldig/chemistry/earth_system_science/,0.25,/home/jott1/Projects/SHERPA_EX/.profile,25,"0,1",hostname='(arcus-1|arcus-2|arcus-3|arcus-4|arcus-5|arcus-6|arcus-7|arcus-8|arcus-9|arcus-10)',512,512,512,512,512,512,512,512,512,0.3,weak_loss,0.001,6,8,normal,6,10,arcus.q,local,438.76333226368394,336.5738344459873,438.76333226368394
3,INTERMEDIATE,5,arcus_gpu.p,local,0.1,1,2048,fluxbypass_aqua,/baldig/chemistry/earth_system_science/,0.25,/home/jott1/Projects/SHERPA_EX/.profile,25,"0,1",hostname='(arcus-1|arcus-2|arcus-3|arcus-4|arcus-5|arcus-6|arcus-7|arcus-8|arcus-9|arcus-10)',512,512,512,512,512,512,512,512,512,0.3,weak_loss,0.001,6,8,normal,5,10,arcus.q,local,428.8486464604424,822.0197096512655,428.8486464604424
4,INTERMEDIATE,7,arcus_gpu.p,local,0.1,0,2048,fluxbypass_aqua,/baldig/chemistry/earth_system_science/,0.25,/home/jott1/Projects/SHERPA_EX/.profile,25,"0,1",hostname='(arcus-1|arcus-2|arcus-3|arcus-4|arcus-5|arcus-6|arcus-7|arcus-8|arcus-9|arcus-10)',512,512,409,512,512,512,512,512,512,0.3,weak_loss,0.001,6,8,normal,5,10,arcus.q,local,418.46757279766314,275.9835675898579,418.46757279766314
5,INTERMEDIATE,7,arcus_gpu.p,local,0.1,0,2048,fluxbypass_aqua,/baldig/chemistry/earth_system_science/,0.25,/home/jott1/Projects/SHERPA_EX/.profile,25,"0,1",hostname='(arcus-1|arcus-2|arcus-3|arcus-4|arcus-5|arcus-6|arcus-7|arcus-8|arcus-9|arcus-10)',512,512,512,409,512,512,512,512,512,0.3,weak_loss,0.001,6,8,normal,5,10,arcus.q,local,554.214301214786,278.22298253808754,554.214301214786
6,INTERMEDIATE,5,arcus_gpu.p,local,0.1,0,2048,fluxbypass_aqua,/baldig/chemistry/earth_system_science/,0.25,/home/jott1/Projects/SHERPA_EX/.profile,25,"0,1",hostname='(arcus-1|arcus-2|arcus-3|arcus-4|arcus-5|arcus-6|arcus-7|arcus-8|arcus-9|arcus-10)',512,512,512,512,512,512,512,512,512,0.3,weak_loss,0.001,6,8,normal,6,10,arcus.q,local,631.3020585982816,319.16962988083435,631.3020585982816
2,INTERMEDIATE,5,arcus_gpu.p,local,0.1,0,2048,fluxbypass_aqua,/baldig/chemistry/earth_system_science/,0.25,/home/jott1/Projects/SHERPA_EX/.profile,25,"0,1",hostname='(arcus-1|arcus-2|arcus-3|arcus-4|arcus-5|arcus-6|arcus-7|arcus-8|arcus-9|arcus-10)',512,512,512,512,512,512,512,512,512,0.3,weak_loss,0.0008,6,8,normal,5,10,arcus.q,local,392.60036107466743,275.4494965742101,392.60036107466743
1,INTERMEDIATE,6,arcus_gpu.p,local,0.1,0,2048,fluxbypass_aqua,/baldig/chemistry/earth_system_science/,0.25,/home/jott1/Projects/SHERPA_EX/.profile,25,"0,1",hostname='(arcus-1|arcus-2|arcus-3|arcus-4|arcus-5|arcus-6|arcus-7|arcus-8|arcus-9|arcus-10)',512,512,512,512,512,512,512,512,512,0.3,weak_loss,0.001,6,8,normal,5,10,arcus.q,local,620.9240174182883,286.7365835924436,620.9240174182883
3,INTERMEDIATE,6,arcus_gpu.p,local,0.1,1,2048,fluxbypass_aqua,/baldig/chemistry/earth_system_science/,0.25,/home/jott1/Projects/SHERPA_EX/.profile,25,"0,1",hostname='(arcus-1|arcus-2|arcus-3|arcus-4|arcus-5|arcus-6|arcus-7|arcus-8|arcus-9|arcus-10)',512,512,512,512,512,512,512,512,512,0.3,weak_loss,0.001,6,8,normal,5,10,arcus.q,local,587.6823287072887,813.6677018281387,587.6823287072887
5,INTERMEDIATE,8,arcus_gpu.p,local,0.1,0,2048,fluxbypass_aqua,/baldig/chemistry/earth_system_science/,0.25,/home/jott1/Projects/SHERPA_EX/.profile,25,"0,1",hostname='(arcus-1|arcus-2|arcus-3|arcus-4|arcus-5|arcus-6|arcus-7|arcus-8|arcus-9|arcus-10)',512,512,512,409,512,512,512,512,512,0.3,weak_loss,0.001,6,8,normal,5,10,arcus.q,local,491.99441067230214,271.13434608943317,491.99441067230214
4,INTERMEDIATE,8,arcus_gpu.p,local,0.1,0,2048,fluxbypass_aqua,/baldig/chemistry/earth_system_science/,0.25,/home/jott1/Projects/SHERPA_EX/.profile,25,"0,1",hostname='(arcus-1|arcus-2|arcus-3|arcus-4|arcus-5|arcus-6|arcus-7|arcus-8|arcus-9|arcus-10)',512,512,409,512,512,512,512,512,512,0.3,weak_loss,0.001,6,8,normal,5,10,arcus.q,local,647.5574419806378,269.1850522043902,647.5574419806378
6,INTERMEDIATE,6,arcus_gpu.p,local,0.1,0,2048,fluxbypass_aqua,/baldig/chemistry/earth_system_science/,0.25,/home/jott1/Projects/SHERPA_EX/.profile,25,"0,1",hostname='(arcus-1|arcus-2|arcus-3|arcus-4|arcus-5|arcus-6|arcus-7|arcus-8|arcus-9|arcus-10)',512,512,512,512,512,512,512,512,512,0.3,weak_loss,0.001,6,8,normal,6,10,arcus.q,local,679.7483459359809,306.16258728642475,679.7483459359809
2,INTERMEDIATE,6,arcus_gpu.p,local,0.1,0,2048,fluxbypass_aqua,/baldig/chemistry/earth_system_science/,0.25,/home/jott1/Projects/SHERPA_EX/.profile,25,"0,1",hostname='(arcus-1|arcus-2|arcus-3|arcus-4|arcus-5|arcus-6|arcus-7|arcus-8|arcus-9|arcus-10)',512,512,512,512,512,512,512,512,512,0.3,weak_loss,0.0008,6,8,normal,5,10,arcus.q,local,443.8159797835147,265.80006697873046,443.8159797835147
1,INTERMEDIATE,7,arcus_gpu.p,local,0.1,0,2048,fluxbypass_aqua,/baldig/chemistry/earth_system_science/,0.25,/home/jott1/Projects/SHERPA_EX/.profile,25,"0,1",hostname='(arcus-1|arcus-2|arcus-3|arcus-4|arcus-5|arcus-6|arcus-7|arcus-8|arcus-9|arcus-10)',512,512,512,512,512,512,512,512,512,0.3,weak_loss,0.001,6,8,normal,5,10,arcus.q,local,382.08318655452155,278.7701120147941,382.08318655452155
5,INTERMEDIATE,9,arcus_gpu.p,local,0.1,0,2048,fluxbypass_aqua,/baldig/chemistry/earth_system_science/,0.25,/home/jott1/Projects/SHERPA_EX/.profile,25,"0,1",hostname='(arcus-1|arcus-2|arcus-3|arcus-4|arcus-5|arcus-6|arcus-7|arcus-8|arcus-9|arcus-10)',512,512,512,409,512,512,512,512,512,0.3,weak_loss,0.001,6,8,normal,5,10,arcus.q,local,400.32907377742373,265.13476354211036,400.32907377742373
4,INTERMEDIATE,9,arcus_gpu.p,local,0.1,0,2048,fluxbypass_aqua,/baldig/chemistry/earth_system_science/,0.25,/home/jott1/Projects/SHERPA_EX/.profile,25,"0,1",hostname='(arcus-1|arcus-2|arcus-3|arcus-4|arcus-5|arcus-6|arcus-7|arcus-8|arcus-9|arcus-10)',512,512,409,512,512,512,512,512,512,0.3,weak_loss,0.001,6,8,normal,5,10,arcus.q,local,428.92382904732773,261.86393341516583,428.92382904732773
3,INTERMEDIATE,7,arcus_gpu.p,local,0.1,1,2048,fluxbypass_aqua,/baldig/chemistry/earth_system_science/,0.25,/home/jott1/Projects/SHERPA_EX/.profile,25,"0,1",hostname='(arcus-1|arcus-2|arcus-3|arcus-4|arcus-5|arcus-6|arcus-7|arcus-8|arcus-9|arcus-10)',512,512,512,512,512,512,512,512,512,0.3,weak_loss,0.001,6,8,normal,5,10,arcus.q,local,431.9059987005483,808.1287203395634,431.9059987005483
4,INTERMEDIATE,10,arcus_gpu.p,local,0.1,0,2048,fluxbypass_aqua,/baldig/chemistry/earth_system_science/,0.25,/home/jott1/Projects/SHERPA_EX/.profile,25,"0,1",hostname='(arcus-1|arcus-2|arcus-3|arcus-4|arcus-5|arcus-6|arcus-7|arcus-8|arcus-9|arcus-10)',512,512,409,512,512,512,512,512,512,0.3,weak_loss,0.001,6,8,normal,5,10,arcus.q,local,496.9858357683228,256.58261187908175,496.9858357683228
5,INTERMEDIATE,10,arcus_gpu.p,local,0.1,0,2048,fluxbypass_aqua,/baldig/chemistry/earth_system_science/,0.25,/home/jott1/Projects/SHERPA_EX/.profile,25,"0,1",hostname='(arcus-1|arcus-2|arcus-3|arcus-4|arcus-5|arcus-6|arcus-7|arcus-8|arcus-9|arcus-10)',512,512,512,409,512,512,512,512,512,0.3,weak_loss,0.001,6,8,normal,5,10,arcus.q,local,499.00878829727407,259.9619323102799,499.00878829727407
3,INTERMEDIATE,8,arcus_gpu.p,local,0.1,1,2048,fluxbypass_aqua,/baldig/chemistry/earth_system_science/,0.25,/home/jott1/Projects/SHERPA_EX/.profile,25,"0,1",hostname='(arcus-1|arcus-2|arcus-3|arcus-4|arcus-5|arcus-6|arcus-7|arcus-8|arcus-9|arcus-10)',512,512,512,512,512,512,512,512,512,0.3,weak_loss,0.001,6,8,normal,5,10,arcus.q,local,428.731477449038,802.1444944269604,428.731477449038
1,INTERMEDIATE,8,arcus_gpu.p,local,0.1,0,2048,fluxbypass_aqua,/baldig/chemistry/earth_system_science/,0.25,/home/jott1/Projects/SHERPA_EX/.profile,25,"0,1",hostname='(arcus-1|arcus-2|arcus-3|arcus-4|arcus-5|arcus-6|arcus-7|arcus-8|arcus-9|arcus-10)',512,512,512,512,512,512,512,512,512,0.3,weak_loss,0.001,6,8,normal,5,10,arcus.q,local,367.1722574455279,271.31907734627515,367.1722574455279
2,INTERMEDIATE,7,arcus_gpu.p,local,0.1,0,2048,fluxbypass_aqua,/baldig/chemistry/earth_system_science/,0.25,/home/jott1/Projects/SHERPA_EX/.profile,25,"0,1",hostname='(arcus-1|arcus-2|arcus-3|arcus-4|arcus-5|arcus-6|arcus-7|arcus-8|arcus-9|arcus-10)',512,512,512,512,512,512,512,512,512,0.3,weak_loss,0.0008,6,8,normal,5,10,arcus.q,local,387.54280667404566,256.76522544107047,387.54280667404566
6,INTERMEDIATE,7,arcus_gpu.p,local,0.1,0,2048,fluxbypass_aqua,/baldig/chemistry/earth_system_science/,0.25,/home/jott1/Projects/SHERPA_EX/.profile,25,"0,1",hostname='(arcus-1|arcus-2|arcus-3|arcus-4|arcus-5|arcus-6|arcus-7|arcus-8|arcus-9|arcus-10)',512,512,512,512,512,512,512,512,512,0.3,weak_loss,0.001,6,8,normal,6,10,arcus.q,local,728.2418993992669,296.75449540037937,728.2418993992669
4,INTERMEDIATE,11,arcus_gpu.p,local,0.1,0,2048,fluxbypass_aqua,/baldig/chemistry/earth_system_science/,0.25,/home/jott1/Projects/SHERPA_EX/.profile,25,"0,1",hostname='(arcus-1|arcus-2|arcus-3|arcus-4|arcus-5|arcus-6|arcus-7|arcus-8|arcus-9|arcus-10)',512,512,409,512,512,512,512,512,512,0.3,weak_loss,0.001,6,8,normal,5,10,arcus.q,local,459.7563211591504,252.76296665497003,459.7563211591504
5,INTERMEDIATE,11,arcus_gpu.p,local,0.1,0,2048,fluxbypass_aqua,/baldig/chemistry/earth_system_science/,0.25,/home/jott1/Projects/SHERPA_EX/.profile,25,"0,1",hostname='(arcus-1|arcus-2|arcus-3|arcus-4|arcus-5|arcus-6|arcus-7|arcus-8|arcus-9|arcus-10)',512,512,512,409,512,512,512,512,512,0.3,weak_loss,0.001,6,8,normal,5,10,arcus.q,local,503.4075369956598,256.14185957455027,503.4075369956598
3,INTERMEDIATE,9,arcus_gpu.p,local,0.1,1,2048,fluxbypass_aqua,/baldig/chemistry/earth_system_science/,0.25,/home/jott1/Projects/SHERPA_EX/.profile,25,"0,1",hostname='(arcus-1|arcus-2|arcus-3|arcus-4|arcus-5|arcus-6|arcus-7|arcus-8|arcus-9|arcus-10)',512,512,512,512,512,512,512,512,512,0.3,weak_loss,0.001,6,8,normal,5,10,arcus.q,local,420.84960938237566,799.2954016875041,420.84960938237566
5,COMPLETED,11,arcus_gpu.p,local,0.1,0,2048,fluxbypass_aqua,/baldig/chemistry/earth_system_science/,0.25,/home/jott1/Projects/SHERPA_EX/.profile,25,"0,1",hostname='(arcus-1|arcus-2|arcus-3|arcus-4|arcus-5|arcus-6|arcus-7|arcus-8|arcus-9|arcus-10)',512,512,512,409,512,512,512,512,512,0.3,weak_loss,0.001,6,8,normal,5,10,arcus.q,local,245.6426875500926,297.96060579485055,245.6426875500926
6,INTERMEDIATE,8,arcus_gpu.p,local,0.1,0,2048,fluxbypass_aqua,/baldig/chemistry/earth_system_science/,0.25,/home/jott1/Projects/SHERPA_EX/.profile,25,"0,1",hostname='(arcus-1|arcus-2|arcus-3|arcus-4|arcus-5|arcus-6|arcus-7|arcus-8|arcus-9|arcus-10)',512,512,512,512,512,512,512,512,512,0.3,weak_loss,0.001,6,8,normal,6,10,arcus.q,local,616.6534626305057,290.4141118788295,616.6534626305057
2,INTERMEDIATE,8,arcus_gpu.p,local,0.1,0,2048,fluxbypass_aqua,/baldig/chemistry/earth_system_science/,0.25,/home/jott1/Projects/SHERPA_EX/.profile,25,"0,1",hostname='(arcus-1|arcus-2|arcus-3|arcus-4|arcus-5|arcus-6|arcus-7|arcus-8|arcus-9|arcus-10)',512,512,512,512,512,512,512,512,512,0.3,weak_loss,0.0008,6,8,normal,5,10,arcus.q,local,302.0192669199496,250.77604095989295,302.0192669199496
1,INTERMEDIATE,9,arcus_gpu.p,local,0.1,0,2048,fluxbypass_aqua,/baldig/chemistry/earth_system_science/,0.25,/home/jott1/Projects/SHERPA_EX/.profile,25,"0,1",hostname='(arcus-1|arcus-2|arcus-3|arcus-4|arcus-5|arcus-6|arcus-7|arcus-8|arcus-9|arcus-10)',512,512,512,512,512,512,512,512,512,0.3,weak_loss,0.001,6,8,normal,5,10,arcus.q,local,407.43501504336047,264.9598544106775,407.43501504336047
4,INTERMEDIATE,12,arcus_gpu.p,local,0.1,0,2048,fluxbypass_aqua,/baldig/chemistry/earth_system_science/,0.25,/home/jott1/Projects/SHERPA_EX/.profile,25,"0,1",hostname='(arcus-1|arcus-2|arcus-3|arcus-4|arcus-5|arcus-6|arcus-7|arcus-8|arcus-9|arcus-10)',512,512,409,512,512,512,512,512,512,0.3,weak_loss,0.001,6,8,normal,5,10,arcus.q,local,432.17287745958873,249.14636845230964,432.17287745958873
4,COMPLETED,12,arcus_gpu.p,local,0.1,0,2048,fluxbypass_aqua,/baldig/chemistry/earth_system_science/,0.25,/home/jott1/Projects/SHERPA_EX/.profile,25,"0,1",hostname='(arcus-1|arcus-2|arcus-3|arcus-4|arcus-5|arcus-6|arcus-7|arcus-8|arcus-9|arcus-10)',512,512,409,512,512,512,512,512,512,0.3,weak_loss,0.001,6,8,normal,5,10,arcus.q,local,226.97750070863975,370.63299658883017,226.97750070863975
3,INTERMEDIATE,10,arcus_gpu.p,local,0.1,1,2048,fluxbypass_aqua,/baldig/chemistry/earth_system_science/,0.25,/home/jott1/Projects/SHERPA_EX/.profile,25,"0,1",hostname='(arcus-1|arcus-2|arcus-3|arcus-4|arcus-5|arcus-6|arcus-7|arcus-8|arcus-9|arcus-10)',512,512,512,512,512,512,512,512,512,0.3,weak_loss,0.001,6,8,normal,5,10,arcus.q,local,440.88616321590274,795.6018982966187,440.88616321590274
2,INTERMEDIATE,9,arcus_gpu.p,local,0.1,0,2048,fluxbypass_aqua,/baldig/chemistry/earth_system_science/,0.25,/home/jott1/Projects/SHERPA_EX/.profile,25,"0,1",hostname='(arcus-1|arcus-2|arcus-3|arcus-4|arcus-5|arcus-6|arcus-7|arcus-8|arcus-9|arcus-10)',512,512,512,512,512,512,512,512,512,0.3,weak_loss,0.0008,6,8,normal,5,10,arcus.q,local,480.28515791007925,245.50030067256506,480.28515791007925
6,INTERMEDIATE,9,arcus_gpu.p,local,0.1,0,2048,fluxbypass_aqua,/baldig/chemistry/earth_system_science/,0.25,/home/jott1/Projects/SHERPA_EX/.profile,25,"0,1",hostname='(arcus-1|arcus-2|arcus-3|arcus-4|arcus-5|arcus-6|arcus-7|arcus-8|arcus-9|arcus-10)',512,512,512,512,512,512,512,512,512,0.3,weak_loss,0.001,6,8,normal,6,10,arcus.q,local,517.1989053042472,285.76464078450334,517.1989053042472
3,INTERMEDIATE,11,arcus_gpu.p,local,0.1,1,2048,fluxbypass_aqua,/baldig/chemistry/earth_system_science/,0.25,/home/jott1/Projects/SHERPA_EX/.profile,25,"0,1",hostname='(arcus-1|arcus-2|arcus-3|arcus-4|arcus-5|arcus-6|arcus-7|arcus-8|arcus-9|arcus-10)',512,512,512,512,512,512,512,512,512,0.3,weak_loss,0.001,6,8,normal,5,10,arcus.q,local,582.1381275224206,792.851405097271,582.1381275224206
1,INTERMEDIATE,10,arcus_gpu.p,local,0.1,0,2048,fluxbypass_aqua,/baldig/chemistry/earth_system_science/,0.25,/home/jott1/Projects/SHERPA_EX/.profile,25,"0,1",hostname='(arcus-1|arcus-2|arcus-3|arcus-4|arcus-5|arcus-6|arcus-7|arcus-8|arcus-9|arcus-10)',512,512,512,512,512,512,512,512,512,0.3,weak_loss,0.001,6,8,normal,5,10,arcus.q,local,654.1283772744048,260.0052756254561,654.1283772744048
2,INTERMEDIATE,10,arcus_gpu.p,local,0.1,0,2048,fluxbypass_aqua,/baldig/chemistry/earth_system_science/,0.25,/home/jott1/Projects/SHERPA_EX/.profile,25,"0,1",hostname='(arcus-1|arcus-2|arcus-3|arcus-4|arcus-5|arcus-6|arcus-7|arcus-8|arcus-9|arcus-10)',512,512,512,512,512,512,512,512,512,0.3,weak_loss,0.0008,6,8,normal,5,10,arcus.q,local,402.08169469147435,240.15402669401382,402.08169469147435
3,INTERMEDIATE,12,arcus_gpu.p,local,0.1,1,2048,fluxbypass_aqua,/baldig/chemistry/earth_system_science/,0.25,/home/jott1/Projects/SHERPA_EX/.profile,25,"0,1",hostname='(arcus-1|arcus-2|arcus-3|arcus-4|arcus-5|arcus-6|arcus-7|arcus-8|arcus-9|arcus-10)',512,512,512,512,512,512,512,512,512,0.3,weak_loss,0.001,6,8,normal,5,10,arcus.q,local,365.23583588375203,788.3233665818866,365.23583588375203
1,INTERMEDIATE,11,arcus_gpu.p,local,0.1,0,2048,fluxbypass_aqua,/baldig/chemistry/earth_system_science/,0.25,/home/jott1/Projects/SHERPA_EX/.profile,25,"0,1",hostname='(arcus-1|arcus-2|arcus-3|arcus-4|arcus-5|arcus-6|arcus-7|arcus-8|arcus-9|arcus-10)',512,512,512,512,512,512,512,512,512,0.3,weak_loss,0.001,6,8,normal,5,10,arcus.q,local,508.1820552859856,256.7862309389859,508.1820552859856
6,INTERMEDIATE,10,arcus_gpu.p,local,0.1,0,2048,fluxbypass_aqua,/baldig/chemistry/earth_system_science/,0.25,/home/jott1/Projects/SHERPA_EX/.profile,25,"0,1",hostname='(arcus-1|arcus-2|arcus-3|arcus-4|arcus-5|arcus-6|arcus-7|arcus-8|arcus-9|arcus-10)',512,512,512,512,512,512,512,512,512,0.3,weak_loss,0.001,6,8,normal,6,10,arcus.q,local,590.2031920433782,280.66771827975816,590.2031920433782
1,COMPLETED,11,arcus_gpu.p,local,0.1,0,2048,fluxbypass_aqua,/baldig/chemistry/earth_system_science/,0.25,/home/jott1/Projects/SHERPA_EX/.profile,25,"0,1",hostname='(arcus-1|arcus-2|arcus-3|arcus-4|arcus-5|arcus-6|arcus-7|arcus-8|arcus-9|arcus-10)',512,512,512,512,512,512,512,512,512,0.3,weak_loss,0.001,6,8,normal,5,10,arcus.q,local,214.8922888998458,451.4412621631239,214.8922888998458
3,INTERMEDIATE,13,arcus_gpu.p,local,0.1,1,2048,fluxbypass_aqua,/baldig/chemistry/earth_system_science/,0.25,/home/jott1/Projects/SHERPA_EX/.profile,25,"0,1",hostname='(arcus-1|arcus-2|arcus-3|arcus-4|arcus-5|arcus-6|arcus-7|arcus-8|arcus-9|arcus-10)',512,512,512,512,512,512,512,512,512,0.3,weak_loss,0.001,6,8,normal,5,10,arcus.q,local,391.11117086093367,785.7111744043538,391.11117086093367
2,INTERMEDIATE,11,arcus_gpu.p,local,0.1,0,2048,fluxbypass_aqua,/baldig/chemistry/earth_system_science/,0.25,/home/jott1/Projects/SHERPA_EX/.profile,25,"0,1",hostname='(arcus-1|arcus-2|arcus-3|arcus-4|arcus-5|arcus-6|arcus-7|arcus-8|arcus-9|arcus-10)',512,512,512,512,512,512,512,512,512,0.3,weak_loss,0.0008,6,8,normal,5,10,arcus.q,local,243.15061881887019,236.25987646990936,243.15061881887019
6,INTERMEDIATE,11,arcus_gpu.p,local,0.1,0,2048,fluxbypass_aqua,/baldig/chemistry/earth_system_science/,0.25,/home/jott1/Projects/SHERPA_EX/.profile,25,"0,1",hostname='(arcus-1|arcus-2|arcus-3|arcus-4|arcus-5|arcus-6|arcus-7|arcus-8|arcus-9|arcus-10)',512,512,512,512,512,512,512,512,512,0.3,weak_loss,0.001,6,8,normal,6,10,arcus.q,local,581.2525718929412,277.23751443684426,581.2525718929412
2,INTERMEDIATE,12,arcus_gpu.p,local,0.1,0,2048,fluxbypass_aqua,/baldig/chemistry/earth_system_science/,0.25,/home/jott1/Projects/SHERPA_EX/.profile,25,"0,1",hostname='(arcus-1|arcus-2|arcus-3|arcus-4|arcus-5|arcus-6|arcus-7|arcus-8|arcus-9|arcus-10)',512,512,512,512,512,512,512,512,512,0.3,weak_loss,0.0008,6,8,normal,5,10,arcus.q,local,504.87030610444464,231.83557269781573,504.87030610444464
2,COMPLETED,12,arcus_gpu.p,local,0.1,0,2048,fluxbypass_aqua,/baldig/chemistry/earth_system_science/,0.25,/home/jott1/Projects/SHERPA_EX/.profile,25,"0,1",hostname='(arcus-1|arcus-2|arcus-3|arcus-4|arcus-5|arcus-6|arcus-7|arcus-8|arcus-9|arcus-10)',512,512,512,512,512,512,512,512,512,0.3,weak_loss,0.0008,6,8,normal,5,10,arcus.q,local,243.15061881887019,236.25987646990936,243.15061881887019
3,INTERMEDIATE,14,arcus_gpu.p,local,0.1,1,2048,fluxbypass_aqua,/baldig/chemistry/earth_system_science/,0.25,/home/jott1/Projects/SHERPA_EX/.profile,25,"0,1",hostname='(arcus-1|arcus-2|arcus-3|arcus-4|arcus-5|arcus-6|arcus-7|arcus-8|arcus-9|arcus-10)',512,512,512,512,512,512,512,512,512,0.3,weak_loss,0.001,6,8,normal,5,10,arcus.q,local,390.05464187925946,785.0571005718706,390.05464187925946
6,INTERMEDIATE,12,arcus_gpu.p,local,0.1,0,2048,fluxbypass_aqua,/baldig/chemistry/earth_system_science/,0.25,/home/jott1/Projects/SHERPA_EX/.profile,25,"0,1",hostname='(arcus-1|arcus-2|arcus-3|arcus-4|arcus-5|arcus-6|arcus-7|arcus-8|arcus-9|arcus-10)',512,512,512,512,512,512,512,512,512,0.3,weak_loss,0.001,6,8,normal,6,10,arcus.q,local,826.5528824438168,272.1578237931118,826.5528824438168
3,INTERMEDIATE,15,arcus_gpu.p,local,0.1,1,2048,fluxbypass_aqua,/baldig/chemistry/earth_system_science/,0.25,/home/jott1/Projects/SHERPA_EX/.profile,25,"0,1",hostname='(arcus-1|arcus-2|arcus-3|arcus-4|arcus-5|arcus-6|arcus-7|arcus-8|arcus-9|arcus-10)',512,512,512,512,512,512,512,512,512,0.3,weak_loss,0.001,6,8,normal,5,10,arcus.q,local,394.6251716038467,782.5251892507307,394.6251716038467
6,INTERMEDIATE,13,arcus_gpu.p,local,0.1,0,2048,fluxbypass_aqua,/baldig/chemistry/earth_system_science/,0.25,/home/jott1/Projects/SHERPA_EX/.profile,25,"0,1",hostname='(arcus-1|arcus-2|arcus-3|arcus-4|arcus-5|arcus-6|arcus-7|arcus-8|arcus-9|arcus-10)',512,512,512,512,512,512,512,512,512,0.3,weak_loss,0.001,6,8,normal,6,10,arcus.q,local,554.722471619058,269.0264174326021,554.722471619058
3,INTERMEDIATE,16,arcus_gpu.p,local,0.1,1,2048,fluxbypass_aqua,/baldig/chemistry/earth_system_science/,0.25,/home/jott1/Projects/SHERPA_EX/.profile,25,"0,1",hostname='(arcus-1|arcus-2|arcus-3|arcus-4|arcus-5|arcus-6|arcus-7|arcus-8|arcus-9|arcus-10)',512,512,512,512,512,512,512,512,512,0.3,weak_loss,0.001,6,8,normal,5,10,arcus.q,local,384.05428531422507,781.9629062297081,384.05428531422507
3,INTERMEDIATE,17,arcus_gpu.p,local,0.1,1,2048,fluxbypass_aqua,/baldig/chemistry/earth_system_science/,0.25,/home/jott1/Projects/SHERPA_EX/.profile,25,"0,1",hostname='(arcus-1|arcus-2|arcus-3|arcus-4|arcus-5|arcus-6|arcus-7|arcus-8|arcus-9|arcus-10)',512,512,512,512,512,512,512,512,512,0.3,weak_loss,0.001,6,8,normal,5,10,arcus.q,local,367.3028727425961,780.7433455121305,367.3028727425961
6,INTERMEDIATE,14,arcus_gpu.p,local,0.1,0,2048,fluxbypass_aqua,/baldig/chemistry/earth_system_science/,0.25,/home/jott1/Projects/SHERPA_EX/.profile,25,"0,1",hostname='(arcus-1|arcus-2|arcus-3|arcus-4|arcus-5|arcus-6|arcus-7|arcus-8|arcus-9|arcus-10)',512,512,512,512,512,512,512,512,512,0.3,weak_loss,0.001,6,8,normal,6,10,arcus.q,local,687.4945701051846,266.65810888493974,687.4945701051846
3,INTERMEDIATE,18,arcus_gpu.p,local,0.1,1,2048,fluxbypass_aqua,/baldig/chemistry/earth_system_science/,0.25,/home/jott1/Projects/SHERPA_EX/.profile,25,"0,1",hostname='(arcus-1|arcus-2|arcus-3|arcus-4|arcus-5|arcus-6|arcus-7|arcus-8|arcus-9|arcus-10)',512,512,512,512,512,512,512,512,512,0.3,weak_loss,0.001,6,8,normal,5,10,arcus.q,local,352.20079691209077,778.573525774691,352.20079691209077
6,INTERMEDIATE,15,arcus_gpu.p,local,0.1,0,2048,fluxbypass_aqua,/baldig/chemistry/earth_system_science/,0.25,/home/jott1/Projects/SHERPA_EX/.profile,25,"0,1",hostname='(arcus-1|arcus-2|arcus-3|arcus-4|arcus-5|arcus-6|arcus-7|arcus-8|arcus-9|arcus-10)',512,512,512,512,512,512,512,512,512,0.3,weak_loss,0.001,6,8,normal,6,10,arcus.q,local,827.9459271947267,264.4792493732051,827.9459271947267
6,COMPLETED,15,arcus_gpu.p,local,0.1,0,2048,fluxbypass_aqua,/baldig/chemistry/earth_system_science/,0.25,/home/jott1/Projects/SHERPA_EX/.profile,25,"0,1",hostname='(arcus-1|arcus-2|arcus-3|arcus-4|arcus-5|arcus-6|arcus-7|arcus-8|arcus-9|arcus-10)',512,512,512,512,512,512,512,512,512,0.3,weak_loss,0.001,6,8,normal,6,10,arcus.q,local,438.76333226368394,336.5738344459873,438.76333226368394
3,INTERMEDIATE,19,arcus_gpu.p,local,0.1,1,2048,fluxbypass_aqua,/baldig/chemistry/earth_system_science/,0.25,/home/jott1/Projects/SHERPA_EX/.profile,25,"0,1",hostname='(arcus-1|arcus-2|arcus-3|arcus-4|arcus-5|arcus-6|arcus-7|arcus-8|arcus-9|arcus-10)',512,512,512,512,512,512,512,512,512,0.3,weak_loss,0.001,6,8,normal,5,10,arcus.q,local,428.68824077187264,777.7444160119195,428.68824077187264
3,INTERMEDIATE,20,arcus_gpu.p,local,0.1,1,2048,fluxbypass_aqua,/baldig/chemistry/earth_system_science/,0.25,/home/jott1/Projects/SHERPA_EX/.profile,25,"0,1",hostname='(arcus-1|arcus-2|arcus-3|arcus-4|arcus-5|arcus-6|arcus-7|arcus-8|arcus-9|arcus-10)',512,512,512,512,512,512,512,512,512,0.3,weak_loss,0.001,6,8,normal,5,10,arcus.q,local,400.4784051580938,775.8392911492073,400.4784051580938
3,INTERMEDIATE,21,arcus_gpu.p,local,0.1,1,2048,fluxbypass_aqua,/baldig/chemistry/earth_system_science/,0.25,/home/jott1/Projects/SHERPA_EX/.profile,25,"0,1",hostname='(arcus-1|arcus-2|arcus-3|arcus-4|arcus-5|arcus-6|arcus-7|arcus-8|arcus-9|arcus-10)',512,512,512,512,512,512,512,512,512,0.3,weak_loss,0.001,6,8,normal,5,10,arcus.q,local,404.30076989404745,775.4168553820712,404.30076989404745
3,INTERMEDIATE,22,arcus_gpu.p,local,0.1,1,2048,fluxbypass_aqua,/baldig/chemistry/earth_system_science/,0.25,/home/jott1/Projects/SHERPA_EX/.profile,25,"0,1",hostname='(arcus-1|arcus-2|arcus-3|arcus-4|arcus-5|arcus-6|arcus-7|arcus-8|arcus-9|arcus-10)',512,512,512,512,512,512,512,512,512,0.3,weak_loss,0.001,6,8,normal,5,10,arcus.q,local,437.7464794238593,772.9458743624234,437.7464794238593
3,INTERMEDIATE,23,arcus_gpu.p,local,0.1,1,2048,fluxbypass_aqua,/baldig/chemistry/earth_system_science/,0.25,/home/jott1/Projects/SHERPA_EX/.profile,25,"0,1",hostname='(arcus-1|arcus-2|arcus-3|arcus-4|arcus-5|arcus-6|arcus-7|arcus-8|arcus-9|arcus-10)',512,512,512,512,512,512,512,512,512,0.3,weak_loss,0.001,6,8,normal,5,10,arcus.q,local,454.8229646004178,771.990602914437,454.8229646004178
3,INTERMEDIATE,24,arcus_gpu.p,local,0.1,1,2048,fluxbypass_aqua,/baldig/chemistry/earth_system_science/,0.25,/home/jott1/Projects/SHERPA_EX/.profile,25,"0,1",hostname='(arcus-1|arcus-2|arcus-3|arcus-4|arcus-5|arcus-6|arcus-7|arcus-8|arcus-9|arcus-10)',512,512,512,512,512,512,512,512,512,0.3,weak_loss,0.001,6,8,normal,5,10,arcus.q,local,428.0031907021861,771.5235714989859,428.0031907021861
3,COMPLETED,24,arcus_gpu.p,local,0.1,1,2048,fluxbypass_aqua,/baldig/chemistry/earth_system_science/,0.25,/home/jott1/Projects/SHERPA_EX/.profile,25,"0,1",hostname='(arcus-1|arcus-2|arcus-3|arcus-4|arcus-5|arcus-6|arcus-7|arcus-8|arcus-9|arcus-10)',512,512,512,512,512,512,512,512,512,0.3,weak_loss,0.001,6,8,normal,5,10,arcus.q,local,352.20079691209077,778.573525774691,352.20079691209077
