Iteration,Objective,P,Status,Trial-ID,alg,alpha,batch_norm,batch_size,data,data_dir,dropout,env,epochs,l,layer_0,layer_1,layer_2,layer_3,layer_4,layer_5,layer_6,layer_7,layer_8,leaky_relu,loss,loss_type,lr,max_concurrent,max_dense_layers,net_type,num_layers,patience,q,val_loss
0,224.8139066335681,arcus_gpu.p,INTERMEDIATE,2,local,0.1,0,2048,fluxbypass_aqua,/baldig/chemistry/earth_system_science/,0.25,/home/jott1/Projects/SHERPA_EX/.profile,25,hostname='(arcus-1|arcus-2|arcus-3|arcus-4|arcus-5|arcus-6|arcus-7|arcus-8|arcus-9|arcus-10)',512,409,512,512,512,512,512,512,512.0,0.3,313.5867162997282,mse,0.001,3,8,normal,5,10,arcus.q,224.8139066335681
0,215.01764406470116,arcus_gpu.p,INTERMEDIATE,1,local,0.1,0,2048,fluxbypass_aqua,/baldig/chemistry/earth_system_science/,0.25,/home/jott1/Projects/SHERPA_EX/.profile,25,hostname='(arcus-1|arcus-2|arcus-3|arcus-4|arcus-5|arcus-6|arcus-7|arcus-8|arcus-9|arcus-10)',512,512,512,512,512,512,512,512,512.0,0.3,314.8940537919025,mse,0.001,3,8,normal,5,10,arcus.q,215.01764406470116
1,256.40662416117374,arcus_gpu.p,INTERMEDIATE,2,local,0.1,0,2048,fluxbypass_aqua,/baldig/chemistry/earth_system_science/,0.25,/home/jott1/Projects/SHERPA_EX/.profile,25,hostname='(arcus-1|arcus-2|arcus-3|arcus-4|arcus-5|arcus-6|arcus-7|arcus-8|arcus-9|arcus-10)',512,409,512,512,512,512,512,512,512.0,0.3,255.68486891867852,mse,0.001,3,8,normal,5,10,arcus.q,256.40662416117374
1,243.6234195730249,arcus_gpu.p,INTERMEDIATE,1,local,0.1,0,2048,fluxbypass_aqua,/baldig/chemistry/earth_system_science/,0.25,/home/jott1/Projects/SHERPA_EX/.profile,25,hostname='(arcus-1|arcus-2|arcus-3|arcus-4|arcus-5|arcus-6|arcus-7|arcus-8|arcus-9|arcus-10)',512,512,512,512,512,512,512,512,512.0,0.3,256.1074785855235,mse,0.001,3,8,normal,5,10,arcus.q,243.6234195730249
2,208.97004702113344,arcus_gpu.p,INTERMEDIATE,2,local,0.1,0,2048,fluxbypass_aqua,/baldig/chemistry/earth_system_science/,0.25,/home/jott1/Projects/SHERPA_EX/.profile,25,hostname='(arcus-1|arcus-2|arcus-3|arcus-4|arcus-5|arcus-6|arcus-7|arcus-8|arcus-9|arcus-10)',512,409,512,512,512,512,512,512,512.0,0.3,245.8238631685114,mse,0.001,3,8,normal,5,10,arcus.q,208.97004702113344
2,210.59713792312266,arcus_gpu.p,INTERMEDIATE,1,local,0.1,0,2048,fluxbypass_aqua,/baldig/chemistry/earth_system_science/,0.25,/home/jott1/Projects/SHERPA_EX/.profile,25,hostname='(arcus-1|arcus-2|arcus-3|arcus-4|arcus-5|arcus-6|arcus-7|arcus-8|arcus-9|arcus-10)',512,512,512,512,512,512,512,512,512.0,0.3,245.9989116077541,mse,0.001,3,8,normal,5,10,arcus.q,210.59713792312266
3,205.6881519702637,arcus_gpu.p,INTERMEDIATE,2,local,0.1,0,2048,fluxbypass_aqua,/baldig/chemistry/earth_system_science/,0.25,/home/jott1/Projects/SHERPA_EX/.profile,25,hostname='(arcus-1|arcus-2|arcus-3|arcus-4|arcus-5|arcus-6|arcus-7|arcus-8|arcus-9|arcus-10)',512,409,512,512,512,512,512,512,512.0,0.3,240.4878916711837,mse,0.001,3,8,normal,5,10,arcus.q,205.6881519702637
3,195.44777602874672,arcus_gpu.p,INTERMEDIATE,1,local,0.1,0,2048,fluxbypass_aqua,/baldig/chemistry/earth_system_science/,0.25,/home/jott1/Projects/SHERPA_EX/.profile,25,hostname='(arcus-1|arcus-2|arcus-3|arcus-4|arcus-5|arcus-6|arcus-7|arcus-8|arcus-9|arcus-10)',512,512,512,512,512,512,512,512,512.0,0.3,240.7363927822563,mse,0.001,3,8,normal,5,10,arcus.q,195.44777602874672
4,226.23540008759554,arcus_gpu.p,INTERMEDIATE,1,local,0.1,0,2048,fluxbypass_aqua,/baldig/chemistry/earth_system_science/,0.25,/home/jott1/Projects/SHERPA_EX/.profile,25,hostname='(arcus-1|arcus-2|arcus-3|arcus-4|arcus-5|arcus-6|arcus-7|arcus-8|arcus-9|arcus-10)',512,512,512,512,512,512,512,512,512.0,0.3,237.3925177401014,mse,0.001,3,8,normal,5,10,arcus.q,226.23540008759554
4,193.06164899904047,arcus_gpu.p,INTERMEDIATE,2,local,0.1,0,2048,fluxbypass_aqua,/baldig/chemistry/earth_system_science/,0.25,/home/jott1/Projects/SHERPA_EX/.profile,25,hostname='(arcus-1|arcus-2|arcus-3|arcus-4|arcus-5|arcus-6|arcus-7|arcus-8|arcus-9|arcus-10)',512,409,512,512,512,512,512,512,512.0,0.3,237.22623792620288,mse,0.001,3,8,normal,5,10,arcus.q,193.06164899904047
5,205.09931142608602,arcus_gpu.p,INTERMEDIATE,1,local,0.1,0,2048,fluxbypass_aqua,/baldig/chemistry/earth_system_science/,0.25,/home/jott1/Projects/SHERPA_EX/.profile,25,hostname='(arcus-1|arcus-2|arcus-3|arcus-4|arcus-5|arcus-6|arcus-7|arcus-8|arcus-9|arcus-10)',512,512,512,512,512,512,512,512,512.0,0.3,235.16652761045944,mse,0.001,3,8,normal,5,10,arcus.q,205.09931142608602
5,189.55564108889692,arcus_gpu.p,INTERMEDIATE,2,local,0.1,0,2048,fluxbypass_aqua,/baldig/chemistry/earth_system_science/,0.25,/home/jott1/Projects/SHERPA_EX/.profile,25,hostname='(arcus-1|arcus-2|arcus-3|arcus-4|arcus-5|arcus-6|arcus-7|arcus-8|arcus-9|arcus-10)',512,409,512,512,512,512,512,512,512.0,0.3,234.94464769247236,mse,0.001,3,8,normal,5,10,arcus.q,189.55564108889692
0,237.0324168616455,arcus_gpu.p,INTERMEDIATE,3,local,0.1,0,2048,fluxbypass_aqua,/baldig/chemistry/earth_system_science/,0.25,/home/jott1/Projects/SHERPA_EX/.profile,25,hostname='(arcus-1|arcus-2|arcus-3|arcus-4|arcus-5|arcus-6|arcus-7|arcus-8|arcus-9|arcus-10)',512,512,512,512,409,512,512,512,512.0,0.3,316.3233016700774,mse,0.001,3,8,normal,5,10,arcus.q,237.0324168616455
6,195.10695567899955,arcus_gpu.p,INTERMEDIATE,1,local,0.1,0,2048,fluxbypass_aqua,/baldig/chemistry/earth_system_science/,0.25,/home/jott1/Projects/SHERPA_EX/.profile,25,hostname='(arcus-1|arcus-2|arcus-3|arcus-4|arcus-5|arcus-6|arcus-7|arcus-8|arcus-9|arcus-10)',512,512,512,512,512,512,512,512,512.0,0.3,233.6474204255183,mse,0.001,3,8,normal,5,10,arcus.q,195.10695567899955
6,191.82215595282238,arcus_gpu.p,INTERMEDIATE,2,local,0.1,0,2048,fluxbypass_aqua,/baldig/chemistry/earth_system_science/,0.25,/home/jott1/Projects/SHERPA_EX/.profile,25,hostname='(arcus-1|arcus-2|arcus-3|arcus-4|arcus-5|arcus-6|arcus-7|arcus-8|arcus-9|arcus-10)',512,409,512,512,512,512,512,512,512.0,0.3,233.3877316894959,mse,0.001,3,8,normal,5,10,arcus.q,191.82215595282238
7,194.81670638856644,arcus_gpu.p,INTERMEDIATE,1,local,0.1,0,2048,fluxbypass_aqua,/baldig/chemistry/earth_system_science/,0.25,/home/jott1/Projects/SHERPA_EX/.profile,25,hostname='(arcus-1|arcus-2|arcus-3|arcus-4|arcus-5|arcus-6|arcus-7|arcus-8|arcus-9|arcus-10)',512,512,512,512,512,512,512,512,512.0,0.3,232.21514077040914,mse,0.001,3,8,normal,5,10,arcus.q,194.81670638856644
7,200.3748780738358,arcus_gpu.p,INTERMEDIATE,2,local,0.1,0,2048,fluxbypass_aqua,/baldig/chemistry/earth_system_science/,0.25,/home/jott1/Projects/SHERPA_EX/.profile,25,hostname='(arcus-1|arcus-2|arcus-3|arcus-4|arcus-5|arcus-6|arcus-7|arcus-8|arcus-9|arcus-10)',512,409,512,512,512,512,512,512,512.0,0.3,232.05913603342694,mse,0.001,3,8,normal,5,10,arcus.q,200.3748780738358
8,220.83029059034305,arcus_gpu.p,INTERMEDIATE,1,local,0.1,0,2048,fluxbypass_aqua,/baldig/chemistry/earth_system_science/,0.25,/home/jott1/Projects/SHERPA_EX/.profile,25,hostname='(arcus-1|arcus-2|arcus-3|arcus-4|arcus-5|arcus-6|arcus-7|arcus-8|arcus-9|arcus-10)',512,512,512,512,512,512,512,512,512.0,0.3,231.07107235845078,mse,0.001,3,8,normal,5,10,arcus.q,220.83029059034305
8,195.61780168391527,arcus_gpu.p,INTERMEDIATE,2,local,0.1,0,2048,fluxbypass_aqua,/baldig/chemistry/earth_system_science/,0.25,/home/jott1/Projects/SHERPA_EX/.profile,25,hostname='(arcus-1|arcus-2|arcus-3|arcus-4|arcus-5|arcus-6|arcus-7|arcus-8|arcus-9|arcus-10)',512,409,512,512,512,512,512,512,512.0,0.3,230.79434416806708,mse,0.001,3,8,normal,5,10,arcus.q,195.61780168391527
9,198.25493415298152,arcus_gpu.p,INTERMEDIATE,1,local,0.1,0,2048,fluxbypass_aqua,/baldig/chemistry/earth_system_science/,0.25,/home/jott1/Projects/SHERPA_EX/.profile,25,hostname='(arcus-1|arcus-2|arcus-3|arcus-4|arcus-5|arcus-6|arcus-7|arcus-8|arcus-9|arcus-10)',512,512,512,512,512,512,512,512,512.0,0.3,229.82273429710554,mse,0.001,3,8,normal,5,10,arcus.q,198.25493415298152
9,210.4730051691368,arcus_gpu.p,INTERMEDIATE,2,local,0.1,0,2048,fluxbypass_aqua,/baldig/chemistry/earth_system_science/,0.25,/home/jott1/Projects/SHERPA_EX/.profile,25,hostname='(arcus-1|arcus-2|arcus-3|arcus-4|arcus-5|arcus-6|arcus-7|arcus-8|arcus-9|arcus-10)',512,409,512,512,512,512,512,512,512.0,0.3,229.57933082335325,mse,0.001,3,8,normal,5,10,arcus.q,210.4730051691368
10,192.9971504498155,arcus_gpu.p,INTERMEDIATE,1,local,0.1,0,2048,fluxbypass_aqua,/baldig/chemistry/earth_system_science/,0.25,/home/jott1/Projects/SHERPA_EX/.profile,25,hostname='(arcus-1|arcus-2|arcus-3|arcus-4|arcus-5|arcus-6|arcus-7|arcus-8|arcus-9|arcus-10)',512,512,512,512,512,512,512,512,512.0,0.3,228.71556738542202,mse,0.001,3,8,normal,5,10,arcus.q,192.9971504498155
10,207.06006398472044,arcus_gpu.p,INTERMEDIATE,2,local,0.1,0,2048,fluxbypass_aqua,/baldig/chemistry/earth_system_science/,0.25,/home/jott1/Projects/SHERPA_EX/.profile,25,hostname='(arcus-1|arcus-2|arcus-3|arcus-4|arcus-5|arcus-6|arcus-7|arcus-8|arcus-9|arcus-10)',512,409,512,512,512,512,512,512,512.0,0.3,227.57757603393813,mse,0.001,3,8,normal,5,10,arcus.q,207.06006398472044
11,218.6322044559163,arcus_gpu.p,INTERMEDIATE,1,local,0.1,0,2048,fluxbypass_aqua,/baldig/chemistry/earth_system_science/,0.25,/home/jott1/Projects/SHERPA_EX/.profile,25,hostname='(arcus-1|arcus-2|arcus-3|arcus-4|arcus-5|arcus-6|arcus-7|arcus-8|arcus-9|arcus-10)',512,512,512,512,512,512,512,512,512.0,0.3,227.77800165565088,mse,0.001,3,8,normal,5,10,arcus.q,218.6322044559163
11,234.88101464228765,arcus_gpu.p,INTERMEDIATE,2,local,0.1,0,2048,fluxbypass_aqua,/baldig/chemistry/earth_system_science/,0.25,/home/jott1/Projects/SHERPA_EX/.profile,25,hostname='(arcus-1|arcus-2|arcus-3|arcus-4|arcus-5|arcus-6|arcus-7|arcus-8|arcus-9|arcus-10)',512,409,512,512,512,512,512,512,512.0,0.3,226.37250307688672,mse,0.001,3,8,normal,5,10,arcus.q,234.88101464228765
12,253.2150286861104,arcus_gpu.p,INTERMEDIATE,1,local,0.1,0,2048,fluxbypass_aqua,/baldig/chemistry/earth_system_science/,0.25,/home/jott1/Projects/SHERPA_EX/.profile,25,hostname='(arcus-1|arcus-2|arcus-3|arcus-4|arcus-5|arcus-6|arcus-7|arcus-8|arcus-9|arcus-10)',512,512,512,512,512,512,512,512,512.0,0.3,226.861589097276,mse,0.001,3,8,normal,5,10,arcus.q,253.2150286861104
12,227.355889179867,arcus_gpu.p,INTERMEDIATE,2,local,0.1,0,2048,fluxbypass_aqua,/baldig/chemistry/earth_system_science/,0.25,/home/jott1/Projects/SHERPA_EX/.profile,25,hostname='(arcus-1|arcus-2|arcus-3|arcus-4|arcus-5|arcus-6|arcus-7|arcus-8|arcus-9|arcus-10)',512,409,512,512,512,512,512,512,512.0,0.3,225.67084557172961,mse,0.001,3,8,normal,5,10,arcus.q,227.355889179867
13,268.5228243002298,arcus_gpu.p,INTERMEDIATE,1,local,0.1,0,2048,fluxbypass_aqua,/baldig/chemistry/earth_system_science/,0.25,/home/jott1/Projects/SHERPA_EX/.profile,25,hostname='(arcus-1|arcus-2|arcus-3|arcus-4|arcus-5|arcus-6|arcus-7|arcus-8|arcus-9|arcus-10)',512,512,512,512,512,512,512,512,512.0,0.3,225.79257797328245,mse,0.001,3,8,normal,5,10,arcus.q,268.5228243002298
13,240.02186220455613,arcus_gpu.p,INTERMEDIATE,2,local,0.1,0,2048,fluxbypass_aqua,/baldig/chemistry/earth_system_science/,0.25,/home/jott1/Projects/SHERPA_EX/.profile,25,hostname='(arcus-1|arcus-2|arcus-3|arcus-4|arcus-5|arcus-6|arcus-7|arcus-8|arcus-9|arcus-10)',512,409,512,512,512,512,512,512,512.0,0.3,225.11534008247762,mse,0.001,3,8,normal,5,10,arcus.q,240.02186220455613
14,226.3068862273909,arcus_gpu.p,INTERMEDIATE,1,local,0.1,0,2048,fluxbypass_aqua,/baldig/chemistry/earth_system_science/,0.25,/home/jott1/Projects/SHERPA_EX/.profile,25,hostname='(arcus-1|arcus-2|arcus-3|arcus-4|arcus-5|arcus-6|arcus-7|arcus-8|arcus-9|arcus-10)',512,512,512,512,512,512,512,512,512.0,0.3,224.96124340348342,mse,0.001,3,8,normal,5,10,arcus.q,226.3068862273909
14,217.1682215601736,arcus_gpu.p,INTERMEDIATE,2,local,0.1,0,2048,fluxbypass_aqua,/baldig/chemistry/earth_system_science/,0.25,/home/jott1/Projects/SHERPA_EX/.profile,25,hostname='(arcus-1|arcus-2|arcus-3|arcus-4|arcus-5|arcus-6|arcus-7|arcus-8|arcus-9|arcus-10)',512,409,512,512,512,512,512,512,512.0,0.3,224.36525685623093,mse,0.001,3,8,normal,5,10,arcus.q,217.1682215601736
15,216.49733437223205,arcus_gpu.p,INTERMEDIATE,1,local,0.1,0,2048,fluxbypass_aqua,/baldig/chemistry/earth_system_science/,0.25,/home/jott1/Projects/SHERPA_EX/.profile,25,hostname='(arcus-1|arcus-2|arcus-3|arcus-4|arcus-5|arcus-6|arcus-7|arcus-8|arcus-9|arcus-10)',512,512,512,512,512,512,512,512,512.0,0.3,224.09544446969898,mse,0.001,3,8,normal,5,10,arcus.q,216.49733437223205
15,252.71756560813523,arcus_gpu.p,INTERMEDIATE,2,local,0.1,0,2048,fluxbypass_aqua,/baldig/chemistry/earth_system_science/,0.25,/home/jott1/Projects/SHERPA_EX/.profile,25,hostname='(arcus-1|arcus-2|arcus-3|arcus-4|arcus-5|arcus-6|arcus-7|arcus-8|arcus-9|arcus-10)',512,409,512,512,512,512,512,512,512.0,0.3,223.75909428797485,mse,0.001,3,8,normal,5,10,arcus.q,252.71756560813523
15,189.55564108889692,arcus_gpu.p,COMPLETED,2,local,0.1,0,2048,fluxbypass_aqua,/baldig/chemistry/earth_system_science/,0.25,/home/jott1/Projects/SHERPA_EX/.profile,25,hostname='(arcus-1|arcus-2|arcus-3|arcus-4|arcus-5|arcus-6|arcus-7|arcus-8|arcus-9|arcus-10)',512,409,512,512,512,512,512,512,512.0,0.3,234.94464769247236,mse,0.001,3,8,normal,5,10,arcus.q,189.55564108889692
1,205.47681121842768,arcus_gpu.p,INTERMEDIATE,3,local,0.1,0,2048,fluxbypass_aqua,/baldig/chemistry/earth_system_science/,0.25,/home/jott1/Projects/SHERPA_EX/.profile,25,hostname='(arcus-1|arcus-2|arcus-3|arcus-4|arcus-5|arcus-6|arcus-7|arcus-8|arcus-9|arcus-10)',512,512,512,512,409,512,512,512,512.0,0.3,257.0845047944475,mse,0.001,3,8,normal,5,10,arcus.q,205.47681121842768
16,228.53938164106194,arcus_gpu.p,INTERMEDIATE,1,local,0.1,0,2048,fluxbypass_aqua,/baldig/chemistry/earth_system_science/,0.25,/home/jott1/Projects/SHERPA_EX/.profile,25,hostname='(arcus-1|arcus-2|arcus-3|arcus-4|arcus-5|arcus-6|arcus-7|arcus-8|arcus-9|arcus-10)',512,512,512,512,512,512,512,512,512.0,0.3,223.51351352855391,mse,0.001,3,8,normal,5,10,arcus.q,228.53938164106194
17,297.69852595060075,arcus_gpu.p,INTERMEDIATE,1,local,0.1,0,2048,fluxbypass_aqua,/baldig/chemistry/earth_system_science/,0.25,/home/jott1/Projects/SHERPA_EX/.profile,25,hostname='(arcus-1|arcus-2|arcus-3|arcus-4|arcus-5|arcus-6|arcus-7|arcus-8|arcus-9|arcus-10)',512,512,512,512,512,512,512,512,512.0,0.3,222.96524211231903,mse,0.001,3,8,normal,5,10,arcus.q,297.69852595060075
18,279.3837767378452,arcus_gpu.p,INTERMEDIATE,1,local,0.1,0,2048,fluxbypass_aqua,/baldig/chemistry/earth_system_science/,0.25,/home/jott1/Projects/SHERPA_EX/.profile,25,hostname='(arcus-1|arcus-2|arcus-3|arcus-4|arcus-5|arcus-6|arcus-7|arcus-8|arcus-9|arcus-10)',512,512,512,512,512,512,512,512,512.0,0.3,222.6858920589124,mse,0.001,3,8,normal,5,10,arcus.q,279.3837767378452
19,225.51453690407172,arcus_gpu.p,INTERMEDIATE,1,local,0.1,0,2048,fluxbypass_aqua,/baldig/chemistry/earth_system_science/,0.25,/home/jott1/Projects/SHERPA_EX/.profile,25,hostname='(arcus-1|arcus-2|arcus-3|arcus-4|arcus-5|arcus-6|arcus-7|arcus-8|arcus-9|arcus-10)',512,512,512,512,512,512,512,512,512.0,0.3,222.19583102048873,mse,0.001,3,8,normal,5,10,arcus.q,225.51453690407172
20,230.09342386919863,arcus_gpu.p,INTERMEDIATE,1,local,0.1,0,2048,fluxbypass_aqua,/baldig/chemistry/earth_system_science/,0.25,/home/jott1/Projects/SHERPA_EX/.profile,25,hostname='(arcus-1|arcus-2|arcus-3|arcus-4|arcus-5|arcus-6|arcus-7|arcus-8|arcus-9|arcus-10)',512,512,512,512,512,512,512,512,512.0,0.3,221.65739175015793,mse,0.001,3,8,normal,5,10,arcus.q,230.09342386919863
20,192.9971504498155,arcus_gpu.p,COMPLETED,1,local,0.1,0,2048,fluxbypass_aqua,/baldig/chemistry/earth_system_science/,0.25,/home/jott1/Projects/SHERPA_EX/.profile,25,hostname='(arcus-1|arcus-2|arcus-3|arcus-4|arcus-5|arcus-6|arcus-7|arcus-8|arcus-9|arcus-10)',512,512,512,512,512,512,512,512,512.0,0.3,228.71556738542202,mse,0.001,3,8,normal,5,10,arcus.q,192.9971504498155
0,211.69895556253329,arcus_gpu.p,INTERMEDIATE,4,local,0.1,0,2048,fluxbypass_aqua,/baldig/chemistry/earth_system_science/,0.25,/home/jott1/Projects/SHERPA_EX/.profile,25,hostname='(arcus-1|arcus-2|arcus-3|arcus-4|arcus-5|arcus-6|arcus-7|arcus-8|arcus-9|arcus-10)',512,409,512,512,512,512,512,512,,0.3,314.23520450590195,mse,0.001,3,8,normal,5,10,arcus.q,211.69895556253329
2,209.799157345885,arcus_gpu.p,INTERMEDIATE,3,local,0.1,0,2048,fluxbypass_aqua,/baldig/chemistry/earth_system_science/,0.25,/home/jott1/Projects/SHERPA_EX/.profile,25,hostname='(arcus-1|arcus-2|arcus-3|arcus-4|arcus-5|arcus-6|arcus-7|arcus-8|arcus-9|arcus-10)',512,512,512,512,409,512,512,512,512.0,0.3,246.78980378282228,mse,0.001,3,8,normal,5,10,arcus.q,209.799157345885
0,218.77717724919594,arcus_gpu.p,INTERMEDIATE,5,local,0.1,0,2048,fluxbypass_aqua,/baldig/chemistry/earth_system_science/,0.25,/home/jott1/Projects/SHERPA_EX/.profile,25,hostname='(arcus-1|arcus-2|arcus-3|arcus-4|arcus-5|arcus-6|arcus-7|arcus-8|arcus-9|arcus-10)',512,409,512,512,512,512,409,512,,0.3,314.7857949738344,mse,0.001,3,8,normal,5,10,arcus.q,218.77717724919594
1,253.97647617707764,arcus_gpu.p,INTERMEDIATE,4,local,0.1,0,2048,fluxbypass_aqua,/baldig/chemistry/earth_system_science/,0.25,/home/jott1/Projects/SHERPA_EX/.profile,25,hostname='(arcus-1|arcus-2|arcus-3|arcus-4|arcus-5|arcus-6|arcus-7|arcus-8|arcus-9|arcus-10)',512,409,512,512,512,512,512,512,,0.3,256.12048677566526,mse,0.001,3,8,normal,5,10,arcus.q,253.97647617707764
1,244.82829843246006,arcus_gpu.p,INTERMEDIATE,5,local,0.1,0,2048,fluxbypass_aqua,/baldig/chemistry/earth_system_science/,0.25,/home/jott1/Projects/SHERPA_EX/.profile,25,hostname='(arcus-1|arcus-2|arcus-3|arcus-4|arcus-5|arcus-6|arcus-7|arcus-8|arcus-9|arcus-10)',512,409,512,512,512,512,409,512,,0.3,256.1051974740032,mse,0.001,3,8,normal,5,10,arcus.q,244.82829843246006
3,226.98068469878046,arcus_gpu.p,INTERMEDIATE,3,local,0.1,0,2048,fluxbypass_aqua,/baldig/chemistry/earth_system_science/,0.25,/home/jott1/Projects/SHERPA_EX/.profile,25,hostname='(arcus-1|arcus-2|arcus-3|arcus-4|arcus-5|arcus-6|arcus-7|arcus-8|arcus-9|arcus-10)',512,512,512,512,409,512,512,512,512.0,0.3,241.64655843042902,mse,0.001,3,8,normal,5,10,arcus.q,226.98068469878046
2,259.3706470072408,arcus_gpu.p,INTERMEDIATE,4,local,0.1,0,2048,fluxbypass_aqua,/baldig/chemistry/earth_system_science/,0.25,/home/jott1/Projects/SHERPA_EX/.profile,25,hostname='(arcus-1|arcus-2|arcus-3|arcus-4|arcus-5|arcus-6|arcus-7|arcus-8|arcus-9|arcus-10)',512,409,512,512,512,512,512,512,,0.3,245.99815635577892,mse,0.001,3,8,normal,5,10,arcus.q,259.3706470072408
2,204.20523026795325,arcus_gpu.p,INTERMEDIATE,5,local,0.1,0,2048,fluxbypass_aqua,/baldig/chemistry/earth_system_science/,0.25,/home/jott1/Projects/SHERPA_EX/.profile,25,hostname='(arcus-1|arcus-2|arcus-3|arcus-4|arcus-5|arcus-6|arcus-7|arcus-8|arcus-9|arcus-10)',512,409,512,512,512,512,409,512,,0.3,245.9817703176817,mse,0.001,3,8,normal,5,10,arcus.q,204.20523026795325
3,224.51706071408884,arcus_gpu.p,INTERMEDIATE,4,local,0.1,0,2048,fluxbypass_aqua,/baldig/chemistry/earth_system_science/,0.25,/home/jott1/Projects/SHERPA_EX/.profile,25,hostname='(arcus-1|arcus-2|arcus-3|arcus-4|arcus-5|arcus-6|arcus-7|arcus-8|arcus-9|arcus-10)',512,409,512,512,512,512,512,512,,0.3,240.6484712302362,mse,0.001,3,8,normal,5,10,arcus.q,224.51706071408884
4,199.64605221560274,arcus_gpu.p,INTERMEDIATE,3,local,0.1,0,2048,fluxbypass_aqua,/baldig/chemistry/earth_system_science/,0.25,/home/jott1/Projects/SHERPA_EX/.profile,25,hostname='(arcus-1|arcus-2|arcus-3|arcus-4|arcus-5|arcus-6|arcus-7|arcus-8|arcus-9|arcus-10)',512,512,512,512,409,512,512,512,512.0,0.3,238.34472205642572,mse,0.001,3,8,normal,5,10,arcus.q,199.64605221560274
3,213.09495095836039,arcus_gpu.p,INTERMEDIATE,5,local,0.1,0,2048,fluxbypass_aqua,/baldig/chemistry/earth_system_science/,0.25,/home/jott1/Projects/SHERPA_EX/.profile,25,hostname='(arcus-1|arcus-2|arcus-3|arcus-4|arcus-5|arcus-6|arcus-7|arcus-8|arcus-9|arcus-10)',512,409,512,512,512,512,409,512,,0.3,240.85692577765877,mse,0.001,3,8,normal,5,10,arcus.q,213.09495095836039
4,202.05337508616296,arcus_gpu.p,INTERMEDIATE,4,local,0.1,0,2048,fluxbypass_aqua,/baldig/chemistry/earth_system_science/,0.25,/home/jott1/Projects/SHERPA_EX/.profile,25,hostname='(arcus-1|arcus-2|arcus-3|arcus-4|arcus-5|arcus-6|arcus-7|arcus-8|arcus-9|arcus-10)',512,409,512,512,512,512,512,512,,0.3,237.22965882945596,mse,0.001,3,8,normal,5,10,arcus.q,202.05337508616296
4,202.27673392699654,arcus_gpu.p,INTERMEDIATE,5,local,0.1,0,2048,fluxbypass_aqua,/baldig/chemistry/earth_system_science/,0.25,/home/jott1/Projects/SHERPA_EX/.profile,25,hostname='(arcus-1|arcus-2|arcus-3|arcus-4|arcus-5|arcus-6|arcus-7|arcus-8|arcus-9|arcus-10)',512,409,512,512,512,512,409,512,,0.3,237.11727489903282,mse,0.001,3,8,normal,5,10,arcus.q,202.27673392699654
5,193.98121085318132,arcus_gpu.p,INTERMEDIATE,4,local,0.1,0,2048,fluxbypass_aqua,/baldig/chemistry/earth_system_science/,0.25,/home/jott1/Projects/SHERPA_EX/.profile,25,hostname='(arcus-1|arcus-2|arcus-3|arcus-4|arcus-5|arcus-6|arcus-7|arcus-8|arcus-9|arcus-10)',512,409,512,512,512,512,512,512,,0.3,234.93778051430186,mse,0.001,3,8,normal,5,10,arcus.q,193.98121085318132
5,209.74706261764638,arcus_gpu.p,INTERMEDIATE,3,local,0.1,0,2048,fluxbypass_aqua,/baldig/chemistry/earth_system_science/,0.25,/home/jott1/Projects/SHERPA_EX/.profile,25,hostname='(arcus-1|arcus-2|arcus-3|arcus-4|arcus-5|arcus-6|arcus-7|arcus-8|arcus-9|arcus-10)',512,512,512,512,409,512,512,512,512.0,0.3,236.02701083920488,mse,0.001,3,8,normal,5,10,arcus.q,209.74706261764638
5,197.81475054434077,arcus_gpu.p,INTERMEDIATE,5,local,0.1,0,2048,fluxbypass_aqua,/baldig/chemistry/earth_system_science/,0.25,/home/jott1/Projects/SHERPA_EX/.profile,25,hostname='(arcus-1|arcus-2|arcus-3|arcus-4|arcus-5|arcus-6|arcus-7|arcus-8|arcus-9|arcus-10)',512,409,512,512,512,512,409,512,,0.3,235.1924580919217,mse,0.001,3,8,normal,5,10,arcus.q,197.81475054434077
6,196.94744824312127,arcus_gpu.p,INTERMEDIATE,4,local,0.1,0,2048,fluxbypass_aqua,/baldig/chemistry/earth_system_science/,0.25,/home/jott1/Projects/SHERPA_EX/.profile,25,hostname='(arcus-1|arcus-2|arcus-3|arcus-4|arcus-5|arcus-6|arcus-7|arcus-8|arcus-9|arcus-10)',512,409,512,512,512,512,512,512,,0.3,233.3799417972196,mse,0.001,3,8,normal,5,10,arcus.q,196.94744824312127
6,223.33225958640503,arcus_gpu.p,INTERMEDIATE,3,local,0.1,0,2048,fluxbypass_aqua,/baldig/chemistry/earth_system_science/,0.25,/home/jott1/Projects/SHERPA_EX/.profile,25,hostname='(arcus-1|arcus-2|arcus-3|arcus-4|arcus-5|arcus-6|arcus-7|arcus-8|arcus-9|arcus-10)',512,512,512,512,409,512,512,512,512.0,0.3,234.4133230630317,mse,0.001,3,8,normal,5,10,arcus.q,223.33225958640503
6,201.56136780871225,arcus_gpu.p,INTERMEDIATE,5,local,0.1,0,2048,fluxbypass_aqua,/baldig/chemistry/earth_system_science/,0.25,/home/jott1/Projects/SHERPA_EX/.profile,25,hostname='(arcus-1|arcus-2|arcus-3|arcus-4|arcus-5|arcus-6|arcus-7|arcus-8|arcus-9|arcus-10)',512,409,512,512,512,512,409,512,,0.3,233.39916644350836,mse,0.001,3,8,normal,5,10,arcus.q,201.56136780871225
7,203.60525382984912,arcus_gpu.p,INTERMEDIATE,4,local,0.1,0,2048,fluxbypass_aqua,/baldig/chemistry/earth_system_science/,0.25,/home/jott1/Projects/SHERPA_EX/.profile,25,hostname='(arcus-1|arcus-2|arcus-3|arcus-4|arcus-5|arcus-6|arcus-7|arcus-8|arcus-9|arcus-10)',512,409,512,512,512,512,512,512,,0.3,231.72566618738668,mse,0.001,3,8,normal,5,10,arcus.q,203.60525382984912
7,211.79822463299632,arcus_gpu.p,INTERMEDIATE,5,local,0.1,0,2048,fluxbypass_aqua,/baldig/chemistry/earth_system_science/,0.25,/home/jott1/Projects/SHERPA_EX/.profile,25,hostname='(arcus-1|arcus-2|arcus-3|arcus-4|arcus-5|arcus-6|arcus-7|arcus-8|arcus-9|arcus-10)',512,409,512,512,512,512,409,512,,0.3,232.20135154792345,mse,0.001,3,8,normal,5,10,arcus.q,211.79822463299632
8,205.51677818272526,arcus_gpu.p,INTERMEDIATE,4,local,0.1,0,2048,fluxbypass_aqua,/baldig/chemistry/earth_system_science/,0.25,/home/jott1/Projects/SHERPA_EX/.profile,25,hostname='(arcus-1|arcus-2|arcus-3|arcus-4|arcus-5|arcus-6|arcus-7|arcus-8|arcus-9|arcus-10)',512,409,512,512,512,512,512,512,,0.3,230.42529248296984,mse,0.001,3,8,normal,5,10,arcus.q,205.51677818272526
7,189.08783771764928,arcus_gpu.p,INTERMEDIATE,3,local,0.1,0,2048,fluxbypass_aqua,/baldig/chemistry/earth_system_science/,0.25,/home/jott1/Projects/SHERPA_EX/.profile,25,hostname='(arcus-1|arcus-2|arcus-3|arcus-4|arcus-5|arcus-6|arcus-7|arcus-8|arcus-9|arcus-10)',512,512,512,512,409,512,512,512,512.0,0.3,233.11398423206685,mse,0.001,3,8,normal,5,10,arcus.q,189.08783771764928
8,255.24375684097214,arcus_gpu.p,INTERMEDIATE,5,local,0.1,0,2048,fluxbypass_aqua,/baldig/chemistry/earth_system_science/,0.25,/home/jott1/Projects/SHERPA_EX/.profile,25,hostname='(arcus-1|arcus-2|arcus-3|arcus-4|arcus-5|arcus-6|arcus-7|arcus-8|arcus-9|arcus-10)',512,409,512,512,512,512,409,512,,0.3,230.84631085220641,mse,0.001,3,8,normal,5,10,arcus.q,255.24375684097214
9,193.86025544468598,arcus_gpu.p,INTERMEDIATE,4,local,0.1,0,2048,fluxbypass_aqua,/baldig/chemistry/earth_system_science/,0.25,/home/jott1/Projects/SHERPA_EX/.profile,25,hostname='(arcus-1|arcus-2|arcus-3|arcus-4|arcus-5|arcus-6|arcus-7|arcus-8|arcus-9|arcus-10)',512,409,512,512,512,512,512,512,,0.3,229.50806245781706,mse,0.001,3,8,normal,5,10,arcus.q,193.86025544468598
8,206.99068672760274,arcus_gpu.p,INTERMEDIATE,3,local,0.1,0,2048,fluxbypass_aqua,/baldig/chemistry/earth_system_science/,0.25,/home/jott1/Projects/SHERPA_EX/.profile,25,hostname='(arcus-1|arcus-2|arcus-3|arcus-4|arcus-5|arcus-6|arcus-7|arcus-8|arcus-9|arcus-10)',512,512,512,512,409,512,512,512,512.0,0.3,231.9319957330627,mse,0.001,3,8,normal,5,10,arcus.q,206.99068672760274
10,200.2262940662182,arcus_gpu.p,INTERMEDIATE,4,local,0.1,0,2048,fluxbypass_aqua,/baldig/chemistry/earth_system_science/,0.25,/home/jott1/Projects/SHERPA_EX/.profile,25,hostname='(arcus-1|arcus-2|arcus-3|arcus-4|arcus-5|arcus-6|arcus-7|arcus-8|arcus-9|arcus-10)',512,409,512,512,512,512,512,512,,0.3,228.54737684381902,mse,0.001,3,8,normal,5,10,arcus.q,200.2262940662182
9,187.71397621439854,arcus_gpu.p,INTERMEDIATE,5,local,0.1,0,2048,fluxbypass_aqua,/baldig/chemistry/earth_system_science/,0.25,/home/jott1/Projects/SHERPA_EX/.profile,25,hostname='(arcus-1|arcus-2|arcus-3|arcus-4|arcus-5|arcus-6|arcus-7|arcus-8|arcus-9|arcus-10)',512,409,512,512,512,512,409,512,,0.3,229.55936257311842,mse,0.001,3,8,normal,5,10,arcus.q,187.71397621439854
9,190.6463262844897,arcus_gpu.p,INTERMEDIATE,3,local,0.1,0,2048,fluxbypass_aqua,/baldig/chemistry/earth_system_science/,0.25,/home/jott1/Projects/SHERPA_EX/.profile,25,hostname='(arcus-1|arcus-2|arcus-3|arcus-4|arcus-5|arcus-6|arcus-7|arcus-8|arcus-9|arcus-10)',512,512,512,512,409,512,512,512,512.0,0.3,230.64289080700206,mse,0.001,3,8,normal,5,10,arcus.q,190.6463262844897
10,218.5569022885608,arcus_gpu.p,INTERMEDIATE,5,local,0.1,0,2048,fluxbypass_aqua,/baldig/chemistry/earth_system_science/,0.25,/home/jott1/Projects/SHERPA_EX/.profile,25,hostname='(arcus-1|arcus-2|arcus-3|arcus-4|arcus-5|arcus-6|arcus-7|arcus-8|arcus-9|arcus-10)',512,409,512,512,512,512,409,512,,0.3,228.65284796067198,mse,0.001,3,8,normal,5,10,arcus.q,218.5569022885608
11,265.66062113672655,arcus_gpu.p,INTERMEDIATE,4,local,0.1,0,2048,fluxbypass_aqua,/baldig/chemistry/earth_system_science/,0.25,/home/jott1/Projects/SHERPA_EX/.profile,25,hostname='(arcus-1|arcus-2|arcus-3|arcus-4|arcus-5|arcus-6|arcus-7|arcus-8|arcus-9|arcus-10)',512,409,512,512,512,512,512,512,,0.3,227.7763608078208,mse,0.001,3,8,normal,5,10,arcus.q,265.66062113672655
10,219.52389338637911,arcus_gpu.p,INTERMEDIATE,3,local,0.1,0,2048,fluxbypass_aqua,/baldig/chemistry/earth_system_science/,0.25,/home/jott1/Projects/SHERPA_EX/.profile,25,hostname='(arcus-1|arcus-2|arcus-3|arcus-4|arcus-5|arcus-6|arcus-7|arcus-8|arcus-9|arcus-10)',512,512,512,512,409,512,512,512,512.0,0.3,229.80038534488588,mse,0.001,3,8,normal,5,10,arcus.q,219.52389338637911
12,211.1976218196835,arcus_gpu.p,INTERMEDIATE,4,local,0.1,0,2048,fluxbypass_aqua,/baldig/chemistry/earth_system_science/,0.25,/home/jott1/Projects/SHERPA_EX/.profile,25,hostname='(arcus-1|arcus-2|arcus-3|arcus-4|arcus-5|arcus-6|arcus-7|arcus-8|arcus-9|arcus-10)',512,409,512,512,512,512,512,512,,0.3,226.88320912673137,mse,0.001,3,8,normal,5,10,arcus.q,211.1976218196835
11,205.74679595328814,arcus_gpu.p,INTERMEDIATE,5,local,0.1,0,2048,fluxbypass_aqua,/baldig/chemistry/earth_system_science/,0.25,/home/jott1/Projects/SHERPA_EX/.profile,25,hostname='(arcus-1|arcus-2|arcus-3|arcus-4|arcus-5|arcus-6|arcus-7|arcus-8|arcus-9|arcus-10)',512,409,512,512,512,512,409,512,,0.3,227.78557292352974,mse,0.001,3,8,normal,5,10,arcus.q,205.74679595328814
11,201.3544006327373,arcus_gpu.p,INTERMEDIATE,3,local,0.1,0,2048,fluxbypass_aqua,/baldig/chemistry/earth_system_science/,0.25,/home/jott1/Projects/SHERPA_EX/.profile,25,hostname='(arcus-1|arcus-2|arcus-3|arcus-4|arcus-5|arcus-6|arcus-7|arcus-8|arcus-9|arcus-10)',512,512,512,512,409,512,512,512,512.0,0.3,228.98020236619388,mse,0.001,3,8,normal,5,10,arcus.q,201.3544006327373
12,211.52944046069925,arcus_gpu.p,INTERMEDIATE,5,local,0.1,0,2048,fluxbypass_aqua,/baldig/chemistry/earth_system_science/,0.25,/home/jott1/Projects/SHERPA_EX/.profile,25,hostname='(arcus-1|arcus-2|arcus-3|arcus-4|arcus-5|arcus-6|arcus-7|arcus-8|arcus-9|arcus-10)',512,409,512,512,512,512,409,512,,0.3,226.0503699314843,mse,0.001,3,8,normal,5,10,arcus.q,211.52944046069925
13,240.03497621161202,arcus_gpu.p,INTERMEDIATE,4,local,0.1,0,2048,fluxbypass_aqua,/baldig/chemistry/earth_system_science/,0.25,/home/jott1/Projects/SHERPA_EX/.profile,25,hostname='(arcus-1|arcus-2|arcus-3|arcus-4|arcus-5|arcus-6|arcus-7|arcus-8|arcus-9|arcus-10)',512,409,512,512,512,512,512,512,,0.3,226.15880725758075,mse,0.001,3,8,normal,5,10,arcus.q,240.03497621161202
14,247.90797904564812,arcus_gpu.p,INTERMEDIATE,4,local,0.1,0,2048,fluxbypass_aqua,/baldig/chemistry/earth_system_science/,0.25,/home/jott1/Projects/SHERPA_EX/.profile,25,hostname='(arcus-1|arcus-2|arcus-3|arcus-4|arcus-5|arcus-6|arcus-7|arcus-8|arcus-9|arcus-10)',512,409,512,512,512,512,512,512,,0.3,225.48663431788634,mse,0.001,3,8,normal,5,10,arcus.q,247.90797904564812
13,202.7126021923617,arcus_gpu.p,INTERMEDIATE,5,local,0.1,0,2048,fluxbypass_aqua,/baldig/chemistry/earth_system_science/,0.25,/home/jott1/Projects/SHERPA_EX/.profile,25,hostname='(arcus-1|arcus-2|arcus-3|arcus-4|arcus-5|arcus-6|arcus-7|arcus-8|arcus-9|arcus-10)',512,409,512,512,512,512,409,512,,0.3,225.22755425665974,mse,0.001,3,8,normal,5,10,arcus.q,202.7126021923617
12,209.33991091028258,arcus_gpu.p,INTERMEDIATE,3,local,0.1,0,2048,fluxbypass_aqua,/baldig/chemistry/earth_system_science/,0.25,/home/jott1/Projects/SHERPA_EX/.profile,25,hostname='(arcus-1|arcus-2|arcus-3|arcus-4|arcus-5|arcus-6|arcus-7|arcus-8|arcus-9|arcus-10)',512,512,512,512,409,512,512,512,512.0,0.3,228.0952829037723,mse,0.001,3,8,normal,5,10,arcus.q,209.33991091028258
14,246.61033730726322,arcus_gpu.p,INTERMEDIATE,5,local,0.1,0,2048,fluxbypass_aqua,/baldig/chemistry/earth_system_science/,0.25,/home/jott1/Projects/SHERPA_EX/.profile,25,hostname='(arcus-1|arcus-2|arcus-3|arcus-4|arcus-5|arcus-6|arcus-7|arcus-8|arcus-9|arcus-10)',512,409,512,512,512,512,409,512,,0.3,224.4899304327998,mse,0.001,3,8,normal,5,10,arcus.q,246.61033730726322
15,265.64111390375666,arcus_gpu.p,INTERMEDIATE,4,local,0.1,0,2048,fluxbypass_aqua,/baldig/chemistry/earth_system_science/,0.25,/home/jott1/Projects/SHERPA_EX/.profile,25,hostname='(arcus-1|arcus-2|arcus-3|arcus-4|arcus-5|arcus-6|arcus-7|arcus-8|arcus-9|arcus-10)',512,409,512,512,512,512,512,512,,0.3,224.9692567086275,mse,0.001,3,8,normal,5,10,arcus.q,265.64111390375666
13,217.55913773453338,arcus_gpu.p,INTERMEDIATE,3,local,0.1,0,2048,fluxbypass_aqua,/baldig/chemistry/earth_system_science/,0.25,/home/jott1/Projects/SHERPA_EX/.profile,25,hostname='(arcus-1|arcus-2|arcus-3|arcus-4|arcus-5|arcus-6|arcus-7|arcus-8|arcus-9|arcus-10)',512,512,512,512,409,512,512,512,512.0,0.3,227.4612047347742,mse,0.001,3,8,normal,5,10,arcus.q,217.55913773453338
16,212.16376160487405,arcus_gpu.p,INTERMEDIATE,4,local,0.1,0,2048,fluxbypass_aqua,/baldig/chemistry/earth_system_science/,0.25,/home/jott1/Projects/SHERPA_EX/.profile,25,hostname='(arcus-1|arcus-2|arcus-3|arcus-4|arcus-5|arcus-6|arcus-7|arcus-8|arcus-9|arcus-10)',512,409,512,512,512,512,512,512,,0.3,224.03205560448552,mse,0.001,3,8,normal,5,10,arcus.q,212.16376160487405
15,223.2102335847263,arcus_gpu.p,INTERMEDIATE,5,local,0.1,0,2048,fluxbypass_aqua,/baldig/chemistry/earth_system_science/,0.25,/home/jott1/Projects/SHERPA_EX/.profile,25,hostname='(arcus-1|arcus-2|arcus-3|arcus-4|arcus-5|arcus-6|arcus-7|arcus-8|arcus-9|arcus-10)',512,409,512,512,512,512,409,512,,0.3,223.9896771328816,mse,0.001,3,8,normal,5,10,arcus.q,223.2102335847263
14,205.79717758682838,arcus_gpu.p,INTERMEDIATE,3,local,0.1,0,2048,fluxbypass_aqua,/baldig/chemistry/earth_system_science/,0.25,/home/jott1/Projects/SHERPA_EX/.profile,25,hostname='(arcus-1|arcus-2|arcus-3|arcus-4|arcus-5|arcus-6|arcus-7|arcus-8|arcus-9|arcus-10)',512,512,512,512,409,512,512,512,512.0,0.3,226.9601367279622,mse,0.001,3,8,normal,5,10,arcus.q,205.79717758682838
16,230.10560119659146,arcus_gpu.p,INTERMEDIATE,5,local,0.1,0,2048,fluxbypass_aqua,/baldig/chemistry/earth_system_science/,0.25,/home/jott1/Projects/SHERPA_EX/.profile,25,hostname='(arcus-1|arcus-2|arcus-3|arcus-4|arcus-5|arcus-6|arcus-7|arcus-8|arcus-9|arcus-10)',512,409,512,512,512,512,409,512,,0.3,223.54882015005526,mse,0.001,3,8,normal,5,10,arcus.q,230.10560119659146
17,240.13275947473073,arcus_gpu.p,INTERMEDIATE,4,local,0.1,0,2048,fluxbypass_aqua,/baldig/chemistry/earth_system_science/,0.25,/home/jott1/Projects/SHERPA_EX/.profile,25,hostname='(arcus-1|arcus-2|arcus-3|arcus-4|arcus-5|arcus-6|arcus-7|arcus-8|arcus-9|arcus-10)',512,409,512,512,512,512,512,512,,0.3,223.31051066533965,mse,0.001,3,8,normal,5,10,arcus.q,240.13275947473073
15,248.1294792750411,arcus_gpu.p,INTERMEDIATE,3,local,0.1,0,2048,fluxbypass_aqua,/baldig/chemistry/earth_system_science/,0.25,/home/jott1/Projects/SHERPA_EX/.profile,25,hostname='(arcus-1|arcus-2|arcus-3|arcus-4|arcus-5|arcus-6|arcus-7|arcus-8|arcus-9|arcus-10)',512,512,512,512,409,512,512,512,512.0,0.3,225.9616153348073,mse,0.001,3,8,normal,5,10,arcus.q,248.1294792750411
17,222.54564455840722,arcus_gpu.p,INTERMEDIATE,5,local,0.1,0,2048,fluxbypass_aqua,/baldig/chemistry/earth_system_science/,0.25,/home/jott1/Projects/SHERPA_EX/.profile,25,hostname='(arcus-1|arcus-2|arcus-3|arcus-4|arcus-5|arcus-6|arcus-7|arcus-8|arcus-9|arcus-10)',512,409,512,512,512,512,409,512,,0.3,223.06448751259293,mse,0.001,3,8,normal,5,10,arcus.q,222.54564455840722
18,210.15869306605265,arcus_gpu.p,INTERMEDIATE,4,local,0.1,0,2048,fluxbypass_aqua,/baldig/chemistry/earth_system_science/,0.25,/home/jott1/Projects/SHERPA_EX/.profile,25,hostname='(arcus-1|arcus-2|arcus-3|arcus-4|arcus-5|arcus-6|arcus-7|arcus-8|arcus-9|arcus-10)',512,409,512,512,512,512,512,512,,0.3,222.67822562975195,mse,0.001,3,8,normal,5,10,arcus.q,210.15869306605265
16,231.10616295437248,arcus_gpu.p,INTERMEDIATE,3,local,0.1,0,2048,fluxbypass_aqua,/baldig/chemistry/earth_system_science/,0.25,/home/jott1/Projects/SHERPA_EX/.profile,25,hostname='(arcus-1|arcus-2|arcus-3|arcus-4|arcus-5|arcus-6|arcus-7|arcus-8|arcus-9|arcus-10)',512,512,512,512,409,512,512,512,512.0,0.3,225.07483532681357,mse,0.001,3,8,normal,5,10,arcus.q,231.10616295437248
19,214.3465524094103,arcus_gpu.p,INTERMEDIATE,4,local,0.1,0,2048,fluxbypass_aqua,/baldig/chemistry/earth_system_science/,0.25,/home/jott1/Projects/SHERPA_EX/.profile,25,hostname='(arcus-1|arcus-2|arcus-3|arcus-4|arcus-5|arcus-6|arcus-7|arcus-8|arcus-9|arcus-10)',512,409,512,512,512,512,512,512,,0.3,222.27233945973052,mse,0.001,3,8,normal,5,10,arcus.q,214.3465524094103
18,225.14312176186266,arcus_gpu.p,INTERMEDIATE,5,local,0.1,0,2048,fluxbypass_aqua,/baldig/chemistry/earth_system_science/,0.25,/home/jott1/Projects/SHERPA_EX/.profile,25,hostname='(arcus-1|arcus-2|arcus-3|arcus-4|arcus-5|arcus-6|arcus-7|arcus-8|arcus-9|arcus-10)',512,409,512,512,512,512,409,512,,0.3,222.67342152479353,mse,0.001,3,8,normal,5,10,arcus.q,225.14312176186266
19,193.86025544468598,arcus_gpu.p,COMPLETED,4,local,0.1,0,2048,fluxbypass_aqua,/baldig/chemistry/earth_system_science/,0.25,/home/jott1/Projects/SHERPA_EX/.profile,25,hostname='(arcus-1|arcus-2|arcus-3|arcus-4|arcus-5|arcus-6|arcus-7|arcus-8|arcus-9|arcus-10)',512,409,512,512,512,512,512,512,,0.3,229.50806245781706,mse,0.001,3,8,normal,5,10,arcus.q,193.86025544468598
0,253.81435522125935,arcus_gpu.p,INTERMEDIATE,6,local,0.1,0,2048,fluxbypass_aqua,/baldig/chemistry/earth_system_science/,0.25,/home/jott1/Projects/SHERPA_EX/.profile,25,hostname='(arcus-1|arcus-2|arcus-3|arcus-4|arcus-5|arcus-6|arcus-7|arcus-8|arcus-9|arcus-10)',512,409,512,512,512,512,409,512,,0.36,318.8590728633642,mse,0.001,3,8,normal,5,10,arcus.q,253.81435522125935
17,253.04386577289048,arcus_gpu.p,INTERMEDIATE,3,local,0.1,0,2048,fluxbypass_aqua,/baldig/chemistry/earth_system_science/,0.25,/home/jott1/Projects/SHERPA_EX/.profile,25,hostname='(arcus-1|arcus-2|arcus-3|arcus-4|arcus-5|arcus-6|arcus-7|arcus-8|arcus-9|arcus-10)',512,512,512,512,409,512,512,512,512.0,0.3,224.57684563447225,mse,0.001,3,8,normal,5,10,arcus.q,253.04386577289048
17,189.08783771764928,arcus_gpu.p,COMPLETED,3,local,0.1,0,2048,fluxbypass_aqua,/baldig/chemistry/earth_system_science/,0.25,/home/jott1/Projects/SHERPA_EX/.profile,25,hostname='(arcus-1|arcus-2|arcus-3|arcus-4|arcus-5|arcus-6|arcus-7|arcus-8|arcus-9|arcus-10)',512,512,512,512,409,512,512,512,512.0,0.3,233.11398423206685,mse,0.001,3,8,normal,5,10,arcus.q,189.08783771764928
19,241.18821162497085,arcus_gpu.p,INTERMEDIATE,5,local,0.1,0,2048,fluxbypass_aqua,/baldig/chemistry/earth_system_science/,0.25,/home/jott1/Projects/SHERPA_EX/.profile,25,hostname='(arcus-1|arcus-2|arcus-3|arcus-4|arcus-5|arcus-6|arcus-7|arcus-8|arcus-9|arcus-10)',512,409,512,512,512,512,409,512,,0.3,222.36979294035294,mse,0.001,3,8,normal,5,10,arcus.q,241.18821162497085
19,187.71397621439854,arcus_gpu.p,COMPLETED,5,local,0.1,0,2048,fluxbypass_aqua,/baldig/chemistry/earth_system_science/,0.25,/home/jott1/Projects/SHERPA_EX/.profile,25,hostname='(arcus-1|arcus-2|arcus-3|arcus-4|arcus-5|arcus-6|arcus-7|arcus-8|arcus-9|arcus-10)',512,409,512,512,512,512,409,512,,0.3,229.55936257311842,mse,0.001,3,8,normal,5,10,arcus.q,187.71397621439854
1,228.21130986916216,arcus_gpu.p,INTERMEDIATE,6,local,0.1,0,2048,fluxbypass_aqua,/baldig/chemistry/earth_system_science/,0.25,/home/jott1/Projects/SHERPA_EX/.profile,25,hostname='(arcus-1|arcus-2|arcus-3|arcus-4|arcus-5|arcus-6|arcus-7|arcus-8|arcus-9|arcus-10)',512,409,512,512,512,512,409,512,,0.36,262.1036184322714,mse,0.001,3,8,normal,5,10,arcus.q,228.21130986916216
2,227.71328882846552,arcus_gpu.p,INTERMEDIATE,6,local,0.1,0,2048,fluxbypass_aqua,/baldig/chemistry/earth_system_science/,0.25,/home/jott1/Projects/SHERPA_EX/.profile,25,hostname='(arcus-1|arcus-2|arcus-3|arcus-4|arcus-5|arcus-6|arcus-7|arcus-8|arcus-9|arcus-10)',512,409,512,512,512,512,409,512,,0.36,252.32291003169703,mse,0.001,3,8,normal,5,10,arcus.q,227.71328882846552
3,199.11829765858985,arcus_gpu.p,INTERMEDIATE,6,local,0.1,0,2048,fluxbypass_aqua,/baldig/chemistry/earth_system_science/,0.25,/home/jott1/Projects/SHERPA_EX/.profile,25,hostname='(arcus-1|arcus-2|arcus-3|arcus-4|arcus-5|arcus-6|arcus-7|arcus-8|arcus-9|arcus-10)',512,409,512,512,512,512,409,512,,0.36,247.3283212611773,mse,0.001,3,8,normal,5,10,arcus.q,199.11829765858985
0,248.25023361609504,arcus_gpu.p,INTERMEDIATE,8,local,0.1,0,2048,fluxbypass_aqua,/baldig/chemistry/earth_system_science/,0.25,/home/jott1/Projects/SHERPA_EX/.profile,25,hostname='(arcus-1|arcus-2|arcus-3|arcus-4|arcus-5|arcus-6|arcus-7|arcus-8|arcus-9|arcus-10)',512,409,512,512,512,512,409,512,,0.24,311.0209692683408,mse,0.001,3,8,normal,5,10,arcus.q,248.25023361609504
0,309.8939576910525,arcus_gpu.p,INTERMEDIATE,7,local,0.1,1,2048,fluxbypass_aqua,/baldig/chemistry/earth_system_science/,0.25,/home/jott1/Projects/SHERPA_EX/.profile,25,hostname='(arcus-1|arcus-2|arcus-3|arcus-4|arcus-5|arcus-6|arcus-7|arcus-8|arcus-9|arcus-10)',512,409,512,512,512,512,409,512,,0.3,436.2315265322875,mse,0.001,3,8,normal,5,10,arcus.q,309.8939576910525
4,226.4239343040596,arcus_gpu.p,INTERMEDIATE,6,local,0.1,0,2048,fluxbypass_aqua,/baldig/chemistry/earth_system_science/,0.25,/home/jott1/Projects/SHERPA_EX/.profile,25,hostname='(arcus-1|arcus-2|arcus-3|arcus-4|arcus-5|arcus-6|arcus-7|arcus-8|arcus-9|arcus-10)',512,409,512,512,512,512,409,512,,0.36,244.20246312042954,mse,0.001,3,8,normal,5,10,arcus.q,226.4239343040596
5,246.52756856203263,arcus_gpu.p,INTERMEDIATE,6,local,0.1,0,2048,fluxbypass_aqua,/baldig/chemistry/earth_system_science/,0.25,/home/jott1/Projects/SHERPA_EX/.profile,25,hostname='(arcus-1|arcus-2|arcus-3|arcus-4|arcus-5|arcus-6|arcus-7|arcus-8|arcus-9|arcus-10)',512,409,512,512,512,512,409,512,,0.36,241.75845404189405,mse,0.001,3,8,normal,5,10,arcus.q,246.52756856203263
1,206.73943983097917,arcus_gpu.p,INTERMEDIATE,8,local,0.1,0,2048,fluxbypass_aqua,/baldig/chemistry/earth_system_science/,0.25,/home/jott1/Projects/SHERPA_EX/.profile,25,hostname='(arcus-1|arcus-2|arcus-3|arcus-4|arcus-5|arcus-6|arcus-7|arcus-8|arcus-9|arcus-10)',512,409,512,512,512,512,409,512,,0.24,250.6007945588275,mse,0.001,3,8,normal,5,10,arcus.q,206.73943983097917
6,194.62722641118995,arcus_gpu.p,INTERMEDIATE,6,local,0.1,0,2048,fluxbypass_aqua,/baldig/chemistry/earth_system_science/,0.25,/home/jott1/Projects/SHERPA_EX/.profile,25,hostname='(arcus-1|arcus-2|arcus-3|arcus-4|arcus-5|arcus-6|arcus-7|arcus-8|arcus-9|arcus-10)',512,409,512,512,512,512,409,512,,0.36,240.18288170157342,mse,0.001,3,8,normal,5,10,arcus.q,194.62722641118995
7,221.52678536640425,arcus_gpu.p,INTERMEDIATE,6,local,0.1,0,2048,fluxbypass_aqua,/baldig/chemistry/earth_system_science/,0.25,/home/jott1/Projects/SHERPA_EX/.profile,25,hostname='(arcus-1|arcus-2|arcus-3|arcus-4|arcus-5|arcus-6|arcus-7|arcus-8|arcus-9|arcus-10)',512,409,512,512,512,512,409,512,,0.36,239.00410593173712,mse,0.001,3,8,normal,5,10,arcus.q,221.52678536640425
1,320.89700617425126,arcus_gpu.p,INTERMEDIATE,7,local,0.1,1,2048,fluxbypass_aqua,/baldig/chemistry/earth_system_science/,0.25,/home/jott1/Projects/SHERPA_EX/.profile,25,hostname='(arcus-1|arcus-2|arcus-3|arcus-4|arcus-5|arcus-6|arcus-7|arcus-8|arcus-9|arcus-10)',512,409,512,512,512,512,409,512,,0.3,381.6037088001042,mse,0.001,3,8,normal,5,10,arcus.q,320.89700617425126
8,211.3494535116659,arcus_gpu.p,INTERMEDIATE,6,local,0.1,0,2048,fluxbypass_aqua,/baldig/chemistry/earth_system_science/,0.25,/home/jott1/Projects/SHERPA_EX/.profile,25,hostname='(arcus-1|arcus-2|arcus-3|arcus-4|arcus-5|arcus-6|arcus-7|arcus-8|arcus-9|arcus-10)',512,409,512,512,512,512,409,512,,0.36,237.99184400004557,mse,0.001,3,8,normal,5,10,arcus.q,211.3494535116659
9,207.54687095739447,arcus_gpu.p,INTERMEDIATE,6,local,0.1,0,2048,fluxbypass_aqua,/baldig/chemistry/earth_system_science/,0.25,/home/jott1/Projects/SHERPA_EX/.profile,25,hostname='(arcus-1|arcus-2|arcus-3|arcus-4|arcus-5|arcus-6|arcus-7|arcus-8|arcus-9|arcus-10)',512,409,512,512,512,512,409,512,,0.36,237.02831893334164,mse,0.001,3,8,normal,5,10,arcus.q,207.54687095739447
2,193.92093421503822,arcus_gpu.p,INTERMEDIATE,8,local,0.1,0,2048,fluxbypass_aqua,/baldig/chemistry/earth_system_science/,0.25,/home/jott1/Projects/SHERPA_EX/.profile,25,hostname='(arcus-1|arcus-2|arcus-3|arcus-4|arcus-5|arcus-6|arcus-7|arcus-8|arcus-9|arcus-10)',512,409,512,512,512,512,409,512,,0.24,239.62703479387366,mse,0.001,3,8,normal,5,10,arcus.q,193.92093421503822
10,197.56384250901968,arcus_gpu.p,INTERMEDIATE,6,local,0.1,0,2048,fluxbypass_aqua,/baldig/chemistry/earth_system_science/,0.25,/home/jott1/Projects/SHERPA_EX/.profile,25,hostname='(arcus-1|arcus-2|arcus-3|arcus-4|arcus-5|arcus-6|arcus-7|arcus-8|arcus-9|arcus-10)',512,409,512,512,512,512,409,512,,0.36,236.2602772164142,mse,0.001,3,8,normal,5,10,arcus.q,197.56384250901968
11,193.34924044059582,arcus_gpu.p,INTERMEDIATE,6,local,0.1,0,2048,fluxbypass_aqua,/baldig/chemistry/earth_system_science/,0.25,/home/jott1/Projects/SHERPA_EX/.profile,25,hostname='(arcus-1|arcus-2|arcus-3|arcus-4|arcus-5|arcus-6|arcus-7|arcus-8|arcus-9|arcus-10)',512,409,512,512,512,512,409,512,,0.36,235.58571761150463,mse,0.001,3,8,normal,5,10,arcus.q,193.34924044059582
2,333.33452862432,arcus_gpu.p,INTERMEDIATE,7,local,0.1,1,2048,fluxbypass_aqua,/baldig/chemistry/earth_system_science/,0.25,/home/jott1/Projects/SHERPA_EX/.profile,25,hostname='(arcus-1|arcus-2|arcus-3|arcus-4|arcus-5|arcus-6|arcus-7|arcus-8|arcus-9|arcus-10)',512,409,512,512,512,512,409,512,,0.3,376.5123069653286,mse,0.001,3,8,normal,5,10,arcus.q,333.33452862432
12,211.91377908917977,arcus_gpu.p,INTERMEDIATE,6,local,0.1,0,2048,fluxbypass_aqua,/baldig/chemistry/earth_system_science/,0.25,/home/jott1/Projects/SHERPA_EX/.profile,25,hostname='(arcus-1|arcus-2|arcus-3|arcus-4|arcus-5|arcus-6|arcus-7|arcus-8|arcus-9|arcus-10)',512,409,512,512,512,512,409,512,,0.36,234.54299679783455,mse,0.001,3,8,normal,5,10,arcus.q,211.91377908917977
13,217.40352454756177,arcus_gpu.p,INTERMEDIATE,6,local,0.1,0,2048,fluxbypass_aqua,/baldig/chemistry/earth_system_science/,0.25,/home/jott1/Projects/SHERPA_EX/.profile,25,hostname='(arcus-1|arcus-2|arcus-3|arcus-4|arcus-5|arcus-6|arcus-7|arcus-8|arcus-9|arcus-10)',512,409,512,512,512,512,409,512,,0.36,233.82123841228912,mse,0.001,3,8,normal,5,10,arcus.q,217.40352454756177
3,193.95343727186864,arcus_gpu.p,INTERMEDIATE,8,local,0.1,0,2048,fluxbypass_aqua,/baldig/chemistry/earth_system_science/,0.25,/home/jott1/Projects/SHERPA_EX/.profile,25,hostname='(arcus-1|arcus-2|arcus-3|arcus-4|arcus-5|arcus-6|arcus-7|arcus-8|arcus-9|arcus-10)',512,409,512,512,512,512,409,512,,0.24,234.4001897393689,mse,0.001,3,8,normal,5,10,arcus.q,193.95343727186864
14,223.27102644814138,arcus_gpu.p,INTERMEDIATE,6,local,0.1,0,2048,fluxbypass_aqua,/baldig/chemistry/earth_system_science/,0.25,/home/jott1/Projects/SHERPA_EX/.profile,25,hostname='(arcus-1|arcus-2|arcus-3|arcus-4|arcus-5|arcus-6|arcus-7|arcus-8|arcus-9|arcus-10)',512,409,512,512,512,512,409,512,,0.36,233.34915640606772,mse,0.001,3,8,normal,5,10,arcus.q,223.27102644814138
15,201.1541525769031,arcus_gpu.p,INTERMEDIATE,6,local,0.1,0,2048,fluxbypass_aqua,/baldig/chemistry/earth_system_science/,0.25,/home/jott1/Projects/SHERPA_EX/.profile,25,hostname='(arcus-1|arcus-2|arcus-3|arcus-4|arcus-5|arcus-6|arcus-7|arcus-8|arcus-9|arcus-10)',512,409,512,512,512,512,409,512,,0.36,232.8622058261206,mse,0.001,3,8,normal,5,10,arcus.q,201.1541525769031
16,212.66180206912483,arcus_gpu.p,INTERMEDIATE,6,local,0.1,0,2048,fluxbypass_aqua,/baldig/chemistry/earth_system_science/,0.25,/home/jott1/Projects/SHERPA_EX/.profile,25,hostname='(arcus-1|arcus-2|arcus-3|arcus-4|arcus-5|arcus-6|arcus-7|arcus-8|arcus-9|arcus-10)',512,409,512,512,512,512,409,512,,0.36,232.3205435645737,mse,0.001,3,8,normal,5,10,arcus.q,212.66180206912483
3,292.4258076421807,arcus_gpu.p,INTERMEDIATE,7,local,0.1,1,2048,fluxbypass_aqua,/baldig/chemistry/earth_system_science/,0.25,/home/jott1/Projects/SHERPA_EX/.profile,25,hostname='(arcus-1|arcus-2|arcus-3|arcus-4|arcus-5|arcus-6|arcus-7|arcus-8|arcus-9|arcus-10)',512,409,512,512,512,512,409,512,,0.3,373.6463200465156,mse,0.001,3,8,normal,5,10,arcus.q,292.4258076421807
17,233.26555811538313,arcus_gpu.p,INTERMEDIATE,6,local,0.1,0,2048,fluxbypass_aqua,/baldig/chemistry/earth_system_science/,0.25,/home/jott1/Projects/SHERPA_EX/.profile,25,hostname='(arcus-1|arcus-2|arcus-3|arcus-4|arcus-5|arcus-6|arcus-7|arcus-8|arcus-9|arcus-10)',512,409,512,512,512,512,409,512,,0.36,231.94003615698333,mse,0.001,3,8,normal,5,10,arcus.q,233.26555811538313
4,247.00222570395525,arcus_gpu.p,INTERMEDIATE,8,local,0.1,0,2048,fluxbypass_aqua,/baldig/chemistry/earth_system_science/,0.25,/home/jott1/Projects/SHERPA_EX/.profile,25,hostname='(arcus-1|arcus-2|arcus-3|arcus-4|arcus-5|arcus-6|arcus-7|arcus-8|arcus-9|arcus-10)',512,409,512,512,512,512,409,512,,0.24,230.9428879834844,mse,0.001,3,8,normal,5,10,arcus.q,247.00222570395525
18,242.14137709177655,arcus_gpu.p,INTERMEDIATE,6,local,0.1,0,2048,fluxbypass_aqua,/baldig/chemistry/earth_system_science/,0.25,/home/jott1/Projects/SHERPA_EX/.profile,25,hostname='(arcus-1|arcus-2|arcus-3|arcus-4|arcus-5|arcus-6|arcus-7|arcus-8|arcus-9|arcus-10)',512,409,512,512,512,512,409,512,,0.36,231.58465289765334,mse,0.001,3,8,normal,5,10,arcus.q,242.14137709177655
19,212.6328594500209,arcus_gpu.p,INTERMEDIATE,6,local,0.1,0,2048,fluxbypass_aqua,/baldig/chemistry/earth_system_science/,0.25,/home/jott1/Projects/SHERPA_EX/.profile,25,hostname='(arcus-1|arcus-2|arcus-3|arcus-4|arcus-5|arcus-6|arcus-7|arcus-8|arcus-9|arcus-10)',512,409,512,512,512,512,409,512,,0.36,231.31865869901574,mse,0.001,3,8,normal,5,10,arcus.q,212.6328594500209
20,259.00643140192835,arcus_gpu.p,INTERMEDIATE,6,local,0.1,0,2048,fluxbypass_aqua,/baldig/chemistry/earth_system_science/,0.25,/home/jott1/Projects/SHERPA_EX/.profile,25,hostname='(arcus-1|arcus-2|arcus-3|arcus-4|arcus-5|arcus-6|arcus-7|arcus-8|arcus-9|arcus-10)',512,409,512,512,512,512,409,512,,0.36,230.91506131499293,mse,0.001,3,8,normal,5,10,arcus.q,259.00643140192835
21,285.8786432259966,arcus_gpu.p,INTERMEDIATE,6,local,0.1,0,2048,fluxbypass_aqua,/baldig/chemistry/earth_system_science/,0.25,/home/jott1/Projects/SHERPA_EX/.profile,25,hostname='(arcus-1|arcus-2|arcus-3|arcus-4|arcus-5|arcus-6|arcus-7|arcus-8|arcus-9|arcus-10)',512,409,512,512,512,512,409,512,,0.36,230.59843833706495,mse,0.001,3,8,normal,5,10,arcus.q,285.8786432259966
21,193.34924044059582,arcus_gpu.p,COMPLETED,6,local,0.1,0,2048,fluxbypass_aqua,/baldig/chemistry/earth_system_science/,0.25,/home/jott1/Projects/SHERPA_EX/.profile,25,hostname='(arcus-1|arcus-2|arcus-3|arcus-4|arcus-5|arcus-6|arcus-7|arcus-8|arcus-9|arcus-10)',512,409,512,512,512,512,409,512,,0.36,235.58571761150463,mse,0.001,3,8,normal,5,10,arcus.q,193.34924044059582
4,305.12046560665846,arcus_gpu.p,INTERMEDIATE,7,local,0.1,1,2048,fluxbypass_aqua,/baldig/chemistry/earth_system_science/,0.25,/home/jott1/Projects/SHERPA_EX/.profile,25,hostname='(arcus-1|arcus-2|arcus-3|arcus-4|arcus-5|arcus-6|arcus-7|arcus-8|arcus-9|arcus-10)',512,409,512,512,512,512,409,512,,0.3,371.93909536326294,mse,0.001,3,8,normal,5,10,arcus.q,305.12046560665846
5,206.70715856801053,arcus_gpu.p,INTERMEDIATE,8,local,0.1,0,2048,fluxbypass_aqua,/baldig/chemistry/earth_system_science/,0.25,/home/jott1/Projects/SHERPA_EX/.profile,25,hostname='(arcus-1|arcus-2|arcus-3|arcus-4|arcus-5|arcus-6|arcus-7|arcus-8|arcus-9|arcus-10)',512,409,512,512,512,512,409,512,,0.24,227.82908106855155,mse,0.001,3,8,normal,5,10,arcus.q,206.70715856801053
6,195.1790082262453,arcus_gpu.p,INTERMEDIATE,8,local,0.1,0,2048,fluxbypass_aqua,/baldig/chemistry/earth_system_science/,0.25,/home/jott1/Projects/SHERPA_EX/.profile,25,hostname='(arcus-1|arcus-2|arcus-3|arcus-4|arcus-5|arcus-6|arcus-7|arcus-8|arcus-9|arcus-10)',512,409,512,512,512,512,409,512,,0.24,225.42093899594843,mse,0.001,3,8,normal,5,10,arcus.q,195.1790082262453
5,300.296267061204,arcus_gpu.p,INTERMEDIATE,7,local,0.1,1,2048,fluxbypass_aqua,/baldig/chemistry/earth_system_science/,0.25,/home/jott1/Projects/SHERPA_EX/.profile,25,hostname='(arcus-1|arcus-2|arcus-3|arcus-4|arcus-5|arcus-6|arcus-7|arcus-8|arcus-9|arcus-10)',512,409,512,512,512,512,409,512,,0.3,370.77284823732606,mse,0.001,3,8,normal,5,10,arcus.q,300.296267061204
7,247.6367690626817,arcus_gpu.p,INTERMEDIATE,8,local,0.1,0,2048,fluxbypass_aqua,/baldig/chemistry/earth_system_science/,0.25,/home/jott1/Projects/SHERPA_EX/.profile,25,hostname='(arcus-1|arcus-2|arcus-3|arcus-4|arcus-5|arcus-6|arcus-7|arcus-8|arcus-9|arcus-10)',512,409,512,512,512,512,409,512,,0.24,223.3822018230782,mse,0.001,3,8,normal,5,10,arcus.q,247.6367690626817
6,321.60154220086145,arcus_gpu.p,INTERMEDIATE,7,local,0.1,1,2048,fluxbypass_aqua,/baldig/chemistry/earth_system_science/,0.25,/home/jott1/Projects/SHERPA_EX/.profile,25,hostname='(arcus-1|arcus-2|arcus-3|arcus-4|arcus-5|arcus-6|arcus-7|arcus-8|arcus-9|arcus-10)',512,409,512,512,512,512,409,512,,0.3,369.79143198607784,mse,0.001,3,8,normal,5,10,arcus.q,321.60154220086145
8,212.59177789656763,arcus_gpu.p,INTERMEDIATE,8,local,0.1,0,2048,fluxbypass_aqua,/baldig/chemistry/earth_system_science/,0.25,/home/jott1/Projects/SHERPA_EX/.profile,25,hostname='(arcus-1|arcus-2|arcus-3|arcus-4|arcus-5|arcus-6|arcus-7|arcus-8|arcus-9|arcus-10)',512,409,512,512,512,512,409,512,,0.24,221.87331223497074,mse,0.001,3,8,normal,5,10,arcus.q,212.59177789656763
7,301.6842322870455,arcus_gpu.p,INTERMEDIATE,7,local,0.1,1,2048,fluxbypass_aqua,/baldig/chemistry/earth_system_science/,0.25,/home/jott1/Projects/SHERPA_EX/.profile,25,hostname='(arcus-1|arcus-2|arcus-3|arcus-4|arcus-5|arcus-6|arcus-7|arcus-8|arcus-9|arcus-10)',512,409,512,512,512,512,409,512,,0.3,369.17705519920344,mse,0.001,3,8,normal,5,10,arcus.q,301.6842322870455
9,210.89630712129676,arcus_gpu.p,INTERMEDIATE,8,local,0.1,0,2048,fluxbypass_aqua,/baldig/chemistry/earth_system_science/,0.25,/home/jott1/Projects/SHERPA_EX/.profile,25,hostname='(arcus-1|arcus-2|arcus-3|arcus-4|arcus-5|arcus-6|arcus-7|arcus-8|arcus-9|arcus-10)',512,409,512,512,512,512,409,512,,0.24,220.4682536558504,mse,0.001,3,8,normal,5,10,arcus.q,210.89630712129676
8,341.72788897965734,arcus_gpu.p,INTERMEDIATE,7,local,0.1,1,2048,fluxbypass_aqua,/baldig/chemistry/earth_system_science/,0.25,/home/jott1/Projects/SHERPA_EX/.profile,25,hostname='(arcus-1|arcus-2|arcus-3|arcus-4|arcus-5|arcus-6|arcus-7|arcus-8|arcus-9|arcus-10)',512,409,512,512,512,512,409,512,,0.3,368.5407282234805,mse,0.001,3,8,normal,5,10,arcus.q,341.72788897965734
10,232.58597590788705,arcus_gpu.p,INTERMEDIATE,8,local,0.1,0,2048,fluxbypass_aqua,/baldig/chemistry/earth_system_science/,0.25,/home/jott1/Projects/SHERPA_EX/.profile,25,hostname='(arcus-1|arcus-2|arcus-3|arcus-4|arcus-5|arcus-6|arcus-7|arcus-8|arcus-9|arcus-10)',512,409,512,512,512,512,409,512,,0.24,219.5052783493837,mse,0.001,3,8,normal,5,10,arcus.q,232.58597590788705
9,347.6423404233362,arcus_gpu.p,INTERMEDIATE,7,local,0.1,1,2048,fluxbypass_aqua,/baldig/chemistry/earth_system_science/,0.25,/home/jott1/Projects/SHERPA_EX/.profile,25,hostname='(arcus-1|arcus-2|arcus-3|arcus-4|arcus-5|arcus-6|arcus-7|arcus-8|arcus-9|arcus-10)',512,409,512,512,512,512,409,512,,0.3,368.2134228298485,mse,0.001,3,8,normal,5,10,arcus.q,347.6423404233362
11,231.08043960545842,arcus_gpu.p,INTERMEDIATE,8,local,0.1,0,2048,fluxbypass_aqua,/baldig/chemistry/earth_system_science/,0.25,/home/jott1/Projects/SHERPA_EX/.profile,25,hostname='(arcus-1|arcus-2|arcus-3|arcus-4|arcus-5|arcus-6|arcus-7|arcus-8|arcus-9|arcus-10)',512,409,512,512,512,512,409,512,,0.24,218.98768111346584,mse,0.001,3,8,normal,5,10,arcus.q,231.08043960545842
12,227.1728968960503,arcus_gpu.p,INTERMEDIATE,8,local,0.1,0,2048,fluxbypass_aqua,/baldig/chemistry/earth_system_science/,0.25,/home/jott1/Projects/SHERPA_EX/.profile,25,hostname='(arcus-1|arcus-2|arcus-3|arcus-4|arcus-5|arcus-6|arcus-7|arcus-8|arcus-9|arcus-10)',512,409,512,512,512,512,409,512,,0.24,218.23257322765005,mse,0.001,3,8,normal,5,10,arcus.q,227.1728968960503
12,193.92093421503822,arcus_gpu.p,COMPLETED,8,local,0.1,0,2048,fluxbypass_aqua,/baldig/chemistry/earth_system_science/,0.25,/home/jott1/Projects/SHERPA_EX/.profile,25,hostname='(arcus-1|arcus-2|arcus-3|arcus-4|arcus-5|arcus-6|arcus-7|arcus-8|arcus-9|arcus-10)',512,409,512,512,512,512,409,512,,0.24,239.62703479387366,mse,0.001,3,8,normal,5,10,arcus.q,193.92093421503822
10,333.8477608670768,arcus_gpu.p,INTERMEDIATE,7,local,0.1,1,2048,fluxbypass_aqua,/baldig/chemistry/earth_system_science/,0.25,/home/jott1/Projects/SHERPA_EX/.profile,25,hostname='(arcus-1|arcus-2|arcus-3|arcus-4|arcus-5|arcus-6|arcus-7|arcus-8|arcus-9|arcus-10)',512,409,512,512,512,512,409,512,,0.3,367.71062915009855,mse,0.001,3,8,normal,5,10,arcus.q,333.8477608670768
11,330.48208935391693,arcus_gpu.p,INTERMEDIATE,7,local,0.1,1,2048,fluxbypass_aqua,/baldig/chemistry/earth_system_science/,0.25,/home/jott1/Projects/SHERPA_EX/.profile,25,hostname='(arcus-1|arcus-2|arcus-3|arcus-4|arcus-5|arcus-6|arcus-7|arcus-8|arcus-9|arcus-10)',512,409,512,512,512,512,409,512,,0.3,367.39141089844316,mse,0.001,3,8,normal,5,10,arcus.q,330.48208935391693
12,324.1041341519411,arcus_gpu.p,INTERMEDIATE,7,local,0.1,1,2048,fluxbypass_aqua,/baldig/chemistry/earth_system_science/,0.25,/home/jott1/Projects/SHERPA_EX/.profile,25,hostname='(arcus-1|arcus-2|arcus-3|arcus-4|arcus-5|arcus-6|arcus-7|arcus-8|arcus-9|arcus-10)',512,409,512,512,512,512,409,512,,0.3,367.26896123119036,mse,0.001,3,8,normal,5,10,arcus.q,324.1041341519411
13,347.7388256826054,arcus_gpu.p,INTERMEDIATE,7,local,0.1,1,2048,fluxbypass_aqua,/baldig/chemistry/earth_system_science/,0.25,/home/jott1/Projects/SHERPA_EX/.profile,25,hostname='(arcus-1|arcus-2|arcus-3|arcus-4|arcus-5|arcus-6|arcus-7|arcus-8|arcus-9|arcus-10)',512,409,512,512,512,512,409,512,,0.3,367.11313580876623,mse,0.001,3,8,normal,5,10,arcus.q,347.7388256826054
13,292.4258076421807,arcus_gpu.p,COMPLETED,7,local,0.1,1,2048,fluxbypass_aqua,/baldig/chemistry/earth_system_science/,0.25,/home/jott1/Projects/SHERPA_EX/.profile,25,hostname='(arcus-1|arcus-2|arcus-3|arcus-4|arcus-5|arcus-6|arcus-7|arcus-8|arcus-9|arcus-10)',512,409,512,512,512,512,409,512,,0.3,373.6463200465156,mse,0.001,3,8,normal,5,10,arcus.q,292.4258076421807
